"BSC/RNC/LTE","Cell"
"LTE t4oss","DAU01004A11"
"LTE t4oss","DAU01004A21"
"LTE t4oss","DAU01004A31"
"LTE t4oss","DAU01085F11"
"LTE t4oss","DAU01085F21"
"LTE t4oss","DAU01085F31"
"LTE t4oss","DAU01101E11"
"LTE t4oss","DAU01101E21"
"LTE t4oss","DAU01101E31"
"LTE t4oss","DAU01102D11"
"LTE t4oss","DAU01102D21"
"LTE t4oss","DAU01102D31"
"LTE t4oss","DAU01105E11"
"LTE t4oss","DAU01105E21"
"LTE t4oss","DAU01105E31"
"LTE t4oss","DAU01107A11"
"LTE t4oss","DAU01107A21"
"LTE t4oss","DAU01107A31"
"LTE t4oss","DAU01108B11"
"LTE t4oss","DAU01108B21"
"LTE t4oss","DAU01108B31"
"LTE t4oss","DAU01113F11"
"LTE t4oss","DAU01113F21"
"LTE t4oss","DAU01113F31"
"LTE t4oss","DAU01121B11"
"LTE t4oss","DAU01121B21"
"LTE t4oss","DAU01150A11"
"LTE t4oss","DAU01150A21"
"LTE t4oss","DAU01150A31"
"LTE t4oss","DAU01150A41"
"LTE t4oss","DAU01152A11"
"LTE t4oss","DAU01152A21"
"LTE t4oss","DAU01152A31"
"LTE t4oss","DAU01153A11"
"LTE t4oss","DAU01153A21"
"LTE t4oss","DAU01153A31"
"LTE t4oss","DAU01155A11"
"LTE t4oss","DAU01155A21"
"LTE t4oss","DAU01155A31"
"LTE t4oss","DAU01159A11"
"LTE t4oss","DAU01159A21"
"LTE t4oss","DAU01159A31"
"LTE t4oss","DAU01174A11"
"LTE t4oss","DAU01174A21"
"LTE t4oss","DAU01174A31"
"LTE t4oss","DAU01190A11"
"LTE t4oss","DAU01190A21"
"LTE t4oss","DAU01190A31"
"LTE t4oss","DAU01201A11"
"LTE t4oss","DAU01201A21"
"LTE t4oss","DAU01201A31"
"LTE t4oss","DAU01202E11"
"LTE t4oss","DAU01202E21"
"LTE t4oss","DAU01202E31"
"LTE t4oss","DAU01203A11"
"LTE t4oss","DAU01203A21"
"LTE t4oss","DAU01203A31"
"LTE t4oss","DAU01204F11"
"LTE t4oss","DAU01204F21"
"LTE t4oss","DAU01204F31"
"LTE t4oss","DAU01205B11"
"LTE t4oss","DAU01205B21"
"LTE t4oss","DAU01206B11"
"LTE t4oss","DAU01206B21"
"LTE t4oss","DAU01206B31"
"LTE t4oss","DAU01210C11"
"LTE t4oss","DAU01210C21"
"LTE t4oss","DAU01210C31"
"LTE t4oss","DAU01211A11"
"LTE t4oss","DAU01211A21"
"LTE t4oss","DAU01211A31"
"LTE t4oss","DAU01212A11"
"LTE t4oss","DAU01212A21"
"LTE t4oss","DAU01212A31"
"LTE t4oss","DAU01213B11"
"LTE t4oss","DAU01213B21"
"LTE t4oss","DAU01213B31"
"LTE t4oss","DAU01214B11"
"LTE t4oss","DAU01214B21"
"LTE t4oss","DAU01214B31"
"LTE t4oss","DAU01216B11"
"LTE t4oss","DAU01216B21"
"LTE t4oss","DAU01216B31"
"LTE t4oss","DAU01217G11"
"LTE t4oss","DAU01217G21"
"LTE t4oss","DAU01217G31"
"LTE t4oss","DAU01217G41"
"LTE t4oss","DAU01218G11"
"LTE t4oss","DAU01218G21"
"LTE t4oss","DAU01218G31"
"LTE t4oss","DAU01219C11"
"LTE t4oss","DAU01219C21"
"LTE t4oss","DAU01219C31"
"LTE t4oss","DAU01220F11"
"LTE t4oss","DAU01220F21"
"LTE t4oss","DAU01220F31"
"LTE t4oss","DAU01221C11"
"LTE t4oss","DAU01221C21"
"LTE t4oss","DAU01221C31"
"LTE t4oss","DAU01222A11"
"LTE t4oss","DAU01222A21"
"LTE t4oss","DAU01222A31"
"LTE t4oss","DAU01223A11"
"LTE t4oss","DAU01223A21"
"LTE t4oss","DAU01223A31"
"LTE t4oss","DAU01224C11"
"LTE t4oss","DAU01224C21"
"LTE t4oss","DAU01224C31"
"LTE t4oss","DAU01226A11"
"LTE t4oss","DAU01226A21"
"LTE t4oss","DAU01226A31"
"LTE t4oss","DAU01227A11"
"LTE t4oss","DAU01227A21"
"LTE t4oss","DAU01227A31"
"LTE t4oss","DAU01227A41"
"LTE t4oss","DAU01230A11"
"LTE t4oss","DAU01230A21"
"LTE t4oss","DAU01230A31"
"LTE t4oss","DAU01231A11"
"LTE t4oss","DAU01231A21"
"LTE t4oss","DAU01231A31"
"LTE t4oss","DAU01232A11"
"LTE t4oss","DAU01232A21"
"LTE t4oss","DAU01232A31"
"LTE t4oss","DAU01233B11"
"LTE t4oss","DAU01233B21"
"LTE t4oss","DAU01233B31"
"LTE t4oss","DAU01236C11"
"LTE t4oss","DAU01236C21"
"LTE t4oss","DAU01236C31"
"LTE t4oss","DAU01240A11"
"LTE t4oss","DAU01240A21"
"LTE t4oss","DAU01240A31"
"LTE t4oss","DAU01241D11"
"LTE t4oss","DAU01241D21"
"LTE t4oss","DAU01241D31"
"LTE t4oss","DAU01243A11"
"LTE t4oss","DAU01243A21"
"LTE t4oss","DAU01243A31"
"LTE t4oss","DAU01243A41"
"LTE t4oss","DAU01245B11"
"LTE t4oss","DAU01245B21"
"LTE t4oss","DAU01245B31"
"LTE t4oss","DAU01246D11"
"LTE t4oss","DAU01246D21"
"LTE t4oss","DAU01246D31"
"LTE t4oss","DAU01247C11"
"LTE t4oss","DAU01247C21"
"LTE t4oss","DAU01247C31"
"LTE t4oss","DAU01248B11"
"LTE t4oss","DAU01248B21"
"LTE t4oss","DAU01248B31"
"LTE t4oss","DAU01249B11"
"LTE t4oss","DAU01249B21"
"LTE t4oss","DAU01249B31"
"LTE t4oss","DAU01251C11"
"LTE t4oss","DAU01251C21"
"LTE t4oss","DAU01251C31"
"LTE t4oss","DAU01252B11"
"LTE t4oss","DAU01252B21"
"LTE t4oss","DAU01252B31"
"LTE t4oss","DAU01253B11"
"LTE t4oss","DAU01253B21"
"LTE t4oss","DAU01253B31"
"LTE t4oss","DAU01254A11"
"LTE t4oss","DAU01254A21"
"LTE t4oss","DAU01254A31"
"LTE t4oss","DAU01255A11"
"LTE t4oss","DAU01255A21"
"LTE t4oss","DAU01255A31"
"LTE t4oss","DAU01256B11"
"LTE t4oss","DAU01256B21"
"LTE t4oss","DAU01256B31"
"LTE t4oss","DAU01260B11"
"LTE t4oss","DAU01260B21"
"LTE t4oss","DAU01260B31"
"LTE t4oss","DAU01260B41"
"LTE t4oss","DAU01263A11"
"LTE t4oss","DAU01263A21"
"LTE t4oss","DAU01263A31"
"LTE t4oss","DAU01265B11"
"LTE t4oss","DAU01265B21"
"LTE t4oss","DAU01265B31"
"LTE t4oss","DAU01267A11"
"LTE t4oss","DAU01267A21"
"LTE t4oss","DAU01267A31"
"LTE t4oss","DAU01268G11"
"LTE t4oss","DAU01268G21"
"LTE t4oss","DAU01268G31"
"LTE t4oss","DAU01272B11"
"LTE t4oss","DAU01272B21"
"LTE t4oss","DAU01272B31"
"LTE t4oss","DAU01278A11"
"LTE t4oss","DAU01278A21"
"LTE t4oss","DAU01278A31"
"LTE t4oss","DAU01281A11"
"LTE t4oss","DAU01281A21"
"LTE t4oss","DAU01281A31"
"LTE t4oss","DAU01281A41"
"LTE t4oss","DAU01282B11"
"LTE t4oss","DAU01282B21"
"LTE t4oss","DAU01282B31"
"LTE t4oss","DAU01282B41"
"LTE t4oss","DAU01283F11"
"LTE t4oss","DAU01283F21"
"LTE t4oss","DAU01283F31"
"LTE t4oss","DAU01284A11"
"LTE t4oss","DAU01284A21"
"LTE t4oss","DAU01284A31"
"LTE t4oss","DAU01287A11"
"LTE t4oss","DAU01287A21"
"LTE t4oss","DAU01287A31"
"LTE t4oss","DAU01288B11"
"LTE t4oss","DAU01288B21"
"LTE t4oss","DAU01288B31"
"LTE t4oss","DAU01289E11"
"LTE t4oss","DAU01289E21"
"LTE t4oss","DAU01289E31"
"LTE t4oss","DAU01292D11"
"LTE t4oss","DAU01292D21"
"LTE t4oss","DAU01292D31"
"LTE t4oss","DAU01293B11"
"LTE t4oss","DAU01293B21"
"LTE t4oss","DAU01293B31"
"LTE t4oss","DAU01298C11"
"LTE t4oss","DAU01298C21"
"LTE t4oss","DAU01298C31"
"LTE t4oss","DAU01300A11"
"LTE t4oss","DAU01300A21"
"LTE t4oss","DAU01300A31"
"LTE t4oss","DAU01300A41"
"LTE t4oss","DAU01301F11"
"LTE t4oss","DAU01301F21"
"LTE t4oss","DAU01301F31"
"LTE t4oss","DAU01303A11"
"LTE t4oss","DAU01303A21"
"LTE t4oss","DAU01303A31"
"LTE t4oss","DAU01304A11"
"LTE t4oss","DAU01304A21"
"LTE t4oss","DAU01304A31"
"LTE t4oss","DAU01305C11"
"LTE t4oss","DAU01305C21"
"LTE t4oss","DAU01305C31"
"LTE t4oss","DAU01306G11"
"LTE t4oss","DAU01306G21"
"LTE t4oss","DAU01306G31"
"LTE t4oss","DAU01307F11"
"LTE t4oss","DAU01307F21"
"LTE t4oss","DAU01307F31"
"LTE t4oss","DAU01309B11"
"LTE t4oss","DAU01309B21"
"LTE t4oss","DAU01309B31"
"LTE t4oss","DAU01310B11"
"LTE t4oss","DAU01310B21"
"LTE t4oss","DAU01310B31"
"LTE t4oss","DAU01312E11"
"LTE t4oss","DAU01312E21"
"LTE t4oss","DAU01312E31"
"LTE t4oss","DAU01313F11"
"LTE t4oss","DAU01313F21"
"LTE t4oss","DAU01313F31"
"LTE t4oss","DAU01314A11"
"LTE t4oss","DAU01314A21"
"LTE t4oss","DAU01314A31"
"LTE t4oss","DAU01315B11"
"LTE t4oss","DAU01315B21"
"LTE t4oss","DAU01315B31"
"LTE t4oss","DAU01316A11"
"LTE t4oss","DAU01316A21"
"LTE t4oss","DAU01316A31"
"LTE t4oss","DAU01318D11"
"LTE t4oss","DAU01318D21"
"LTE t4oss","DAU01318D31"
"LTE t4oss","DAU01319A11"
"LTE t4oss","DAU01319A21"
"LTE t4oss","DAU01319A31"
"LTE t4oss","DAU01320B11"
"LTE t4oss","DAU01320B21"
"LTE t4oss","DAU01320B31"
"LTE t4oss","DAU01321B11"
"LTE t4oss","DAU01321B21"
"LTE t4oss","DAU01321B31"
"LTE t4oss","DAU01323C11"
"LTE t4oss","DAU01323C21"
"LTE t4oss","DAU01323C31"
"LTE t4oss","DAU01324A11"
"LTE t4oss","DAU01324A21"
"LTE t4oss","DAU01324A31"
"LTE t4oss","DAU01325B11"
"LTE t4oss","DAU01325B21"
"LTE t4oss","DAU01325B31"
"LTE t4oss","DAU01326A11"
"LTE t4oss","DAU01326A21"
"LTE t4oss","DAU01326A31"
"LTE t4oss","DAU01328B11"
"LTE t4oss","DAU01328B21"
"LTE t4oss","DAU01328B31"
"LTE t4oss","DAU01330B11"
"LTE t4oss","DAU01330B21"
"LTE t4oss","DAU01330B31"
"LTE t4oss","DAU01331A11"
"LTE t4oss","DAU01331A21"
"LTE t4oss","DAU01331A31"
"LTE t4oss","DAU01332C11"
"LTE t4oss","DAU01332C21"
"LTE t4oss","DAU01332C31"
"LTE t4oss","DAU01333G11"
"LTE t4oss","DAU01333G21"
"LTE t4oss","DAU01333G31"
"LTE t4oss","DAU01334A11"
"LTE t4oss","DAU01334A21"
"LTE t4oss","DAU01334A31"
"LTE t4oss","DAU01336C11"
"LTE t4oss","DAU01336C21"
"LTE t4oss","DAU01336C31"
"LTE t4oss","DAU01337C11"
"LTE t4oss","DAU01337C21"
"LTE t4oss","DAU01337C31"
"LTE t4oss","DAU01338A11"
"LTE t4oss","DAU01338A21"
"LTE t4oss","DAU01338A31"
"LTE t4oss","DAU01339B11"
"LTE t4oss","DAU01339B21"
"LTE t4oss","DAU01339B31"
"LTE t4oss","DAU01340A11"
"LTE t4oss","DAU01340A21"
"LTE t4oss","DAU01340A31"
"LTE t4oss","DAU01341J11"
"LTE t4oss","DAU01341J21"
"LTE t4oss","DAU01341J31"
"LTE t4oss","DAU01342F11"
"LTE t4oss","DAU01342F21"
"LTE t4oss","DAU01342F31"
"LTE t4oss","DAU01343D11"
"LTE t4oss","DAU01343D21"
"LTE t4oss","DAU01343D31"
"LTE t4oss","DAU01345D11"
"LTE t4oss","DAU01345D21"
"LTE t4oss","DAU01345D31"
"LTE t4oss","DAU01346B11"
"LTE t4oss","DAU01346B21"
"LTE t4oss","DAU01346B31"
"LTE t4oss","DAU01347B11"
"LTE t4oss","DAU01347B21"
"LTE t4oss","DAU01347B31"
"LTE t4oss","DAU01348A11"
"LTE t4oss","DAU01348A21"
"LTE t4oss","DAU01348A31"
"LTE t4oss","DAU01349A11"
"LTE t4oss","DAU01349A21"
"LTE t4oss","DAU01349A31"
"LTE t4oss","DAU01350E11"
"LTE t4oss","DAU01350E21"
"LTE t4oss","DAU01350E31"
"LTE t4oss","DAU01351A11"
"LTE t4oss","DAU01351A21"
"LTE t4oss","DAU01351A31"
"LTE t4oss","DAU01352A11"
"LTE t4oss","DAU01352A21"
"LTE t4oss","DAU01352A31"
"LTE t4oss","DAU01355A11"
"LTE t4oss","DAU01355A21"
"LTE t4oss","DAU01355A31"
"LTE t4oss","DAU01359D11"
"LTE t4oss","DAU01359D21"
"LTE t4oss","DAU01359D31"
"LTE t4oss","DAU01360B11"
"LTE t4oss","DAU01360B21"
"LTE t4oss","DAU01360B31"
"LTE t4oss","DAU01361A11"
"LTE t4oss","DAU01361A21"
"LTE t4oss","DAU01361A31"
"LTE t4oss","DAU01362A11"
"LTE t4oss","DAU01362A21"
"LTE t4oss","DAU01362A31"
"LTE t4oss","DAU01363A11"
"LTE t4oss","DAU01363A21"
"LTE t4oss","DAU01363A31"
"LTE t4oss","DAU01364A11"
"LTE t4oss","DAU01364A21"
"LTE t4oss","DAU01364A31"
"LTE t4oss","DAU01364A41"
"LTE t4oss","DAU01366C11"
"LTE t4oss","DAU01366C21"
"LTE t4oss","DAU01366C31"
"LTE t4oss","DAU01367A11"
"LTE t4oss","DAU01367A21"
"LTE t4oss","DAU01367A31"
"LTE t4oss","DAU01368B11"
"LTE t4oss","DAU01368B21"
"LTE t4oss","DAU01368B31"
"LTE t4oss","DAU01369B11"
"LTE t4oss","DAU01369B21"
"LTE t4oss","DAU01369B31"
"LTE t4oss","DAU01372B11"
"LTE t4oss","DAU01372B21"
"LTE t4oss","DAU01372B31"
"LTE t4oss","DAU01376A11"
"LTE t4oss","DAU01376A21"
"LTE t4oss","DAU01376A31"
"LTE t4oss","DAU01377D11"
"LTE t4oss","DAU01377D21"
"LTE t4oss","DAU01377D31"
"LTE t4oss","DAU01378E11"
"LTE t4oss","DAU01378E21"
"LTE t4oss","DAU01378E31"
"LTE t4oss","DAU01379B11"
"LTE t4oss","DAU01379B21"
"LTE t4oss","DAU01379B31"
"LTE t4oss","DAU01380C11"
"LTE t4oss","DAU01380C21"
"LTE t4oss","DAU01380C31"
"LTE t4oss","DAU01383C11"
"LTE t4oss","DAU01383C21"
"LTE t4oss","DAU01383C31"
"LTE t4oss","DAU01384C11"
"LTE t4oss","DAU01384C21"
"LTE t4oss","DAU01384C31"
"LTE t4oss","DAU01385B11"
"LTE t4oss","DAU01385B21"
"LTE t4oss","DAU01385B31"
"LTE t4oss","DAU01386E11"
"LTE t4oss","DAU01386E21"
"LTE t4oss","DAU01386E31"
"LTE t4oss","DAU01387A11"
"LTE t4oss","DAU01387A21"
"LTE t4oss","DAU01387A31"
"LTE t4oss","DAU01389A11"
"LTE t4oss","DAU01389A21"
"LTE t4oss","DAU01389A31"
"LTE t4oss","DAU01390A11"
"LTE t4oss","DAU01390A21"
"LTE t4oss","DAU01390A31"
"LTE t4oss","DAU01390A41"
"LTE t4oss","DAU01391B11"
"LTE t4oss","DAU01391B21"
"LTE t4oss","DAU01391B31"
"LTE t4oss","DAU01394B11"
"LTE t4oss","DAU01394B21"
"LTE t4oss","DAU01394B31"
"LTE t4oss","DAU01397C11"
"LTE t4oss","DAU01397C21"
"LTE t4oss","DAU01397C31"
"LTE t4oss","DAU01398B11"
"LTE t4oss","DAU01398B21"
"LTE t4oss","DAU01398B31"
"LTE t4oss","DAU01401B11"
"LTE t4oss","DAU01401B21"
"LTE t4oss","DAU01401B31"
"LTE t4oss","DAU01402C11"
"LTE t4oss","DAU01402C21"
"LTE t4oss","DAU01402C31"
"LTE t4oss","DAU01404D11"
"LTE t4oss","DAU01404D21"
"LTE t4oss","DAU01404D31"
"LTE t4oss","DAU01405C11"
"LTE t4oss","DAU01405C21"
"LTE t4oss","DAU01405C31"
"LTE t4oss","DAU01406A11"
"LTE t4oss","DAU01406A21"
"LTE t4oss","DAU01406A31"
"LTE t4oss","DAU01407C11"
"LTE t4oss","DAU01407C21"
"LTE t4oss","DAU01407C31"
"LTE t4oss","DAU01408C11"
"LTE t4oss","DAU01408C21"
"LTE t4oss","DAU01408C31"
"LTE t4oss","DAU01409C11"
"LTE t4oss","DAU01409C21"
"LTE t4oss","DAU01409C31"
"LTE t4oss","DAU01410C11"
"LTE t4oss","DAU01410C21"
"LTE t4oss","DAU01410C31"
"LTE t4oss","DAU01411B11"
"LTE t4oss","DAU01411B21"
"LTE t4oss","DAU01411B31"
"LTE t4oss","DAU01412B11"
"LTE t4oss","DAU01412B21"
"LTE t4oss","DAU01412B31"
"LTE t4oss","DAU01412B41"
"LTE t4oss","DAU01414A11"
"LTE t4oss","DAU01414A21"
"LTE t4oss","DAU01414A31"
"LTE t4oss","DAU01416H11"
"LTE t4oss","DAU01416H21"
"LTE t4oss","DAU01416H31"
"LTE t4oss","DAU01418E11"
"LTE t4oss","DAU01418E21"
"LTE t4oss","DAU01418E31"
"LTE t4oss","DAU01419D11"
"LTE t4oss","DAU01419D21"
"LTE t4oss","DAU01419D31"
"LTE t4oss","DAU01420A11"
"LTE t4oss","DAU01420A21"
"LTE t4oss","DAU01420A31"
"LTE t4oss","DAU01421B11"
"LTE t4oss","DAU01421B21"
"LTE t4oss","DAU01421B31"
"LTE t4oss","DAU01424C11"
"LTE t4oss","DAU01424C21"
"LTE t4oss","DAU01424C31"
"LTE t4oss","DAU01426A11"
"LTE t4oss","DAU01426A21"
"LTE t4oss","DAU01426A31"
"LTE t4oss","DAU01430B11"
"LTE t4oss","DAU01430B21"
"LTE t4oss","DAU01430B31"
"LTE t4oss","DAU01430B41"
"LTE t4oss","DAU01431A11"
"LTE t4oss","DAU01431A21"
"LTE t4oss","DAU01431A31"
"LTE t4oss","DAU01432D11"
"LTE t4oss","DAU01432D21"
"LTE t4oss","DAU01432D31"
"LTE t4oss","DAU01432D41"
"LTE t4oss","DAU01434B11"
"LTE t4oss","DAU01434B21"
"LTE t4oss","DAU01434B31"
"LTE t4oss","DAU01435C11"
"LTE t4oss","DAU01435C21"
"LTE t4oss","DAU01435C31"
"LTE t4oss","DAU01436C11"
"LTE t4oss","DAU01436C21"
"LTE t4oss","DAU01436C31"
"LTE t4oss","DAU01437A11"
"LTE t4oss","DAU01437A21"
"LTE t4oss","DAU01437A31"
"LTE t4oss","DAU01438A11"
"LTE t4oss","DAU01438A21"
"LTE t4oss","DAU01438A31"
"LTE t4oss","DAU01439C11"
"LTE t4oss","DAU01439C21"
"LTE t4oss","DAU01439C31"
"LTE t4oss","DAU01440C11"
"LTE t4oss","DAU01440C21"
"LTE t4oss","DAU01440C31"
"LTE t4oss","DAU01443A11"
"LTE t4oss","DAU01443A21"
"LTE t4oss","DAU01443A31"
"LTE t4oss","DAU01444A11"
"LTE t4oss","DAU01444A21"
"LTE t4oss","DAU01444A31"
"LTE t4oss","DAU01445B11"
"LTE t4oss","DAU01445B21"
"LTE t4oss","DAU01445B31"
"LTE t4oss","DAU01446A11"
"LTE t4oss","DAU01446A21"
"LTE t4oss","DAU01446A31"
"LTE t4oss","DAU01447A11"
"LTE t4oss","DAU01447A21"
"LTE t4oss","DAU01447A31"
"LTE t4oss","DAU01448A11"
"LTE t4oss","DAU01448A21"
"LTE t4oss","DAU01448A31"
"LTE t4oss","DAU01450A11"
"LTE t4oss","DAU01450A21"
"LTE t4oss","DAU01450A31"
"LTE t4oss","DAU01451B11"
"LTE t4oss","DAU01451B21"
"LTE t4oss","DAU01451B31"
"LTE t4oss","DAU01452B11"
"LTE t4oss","DAU01452B21"
"LTE t4oss","DAU01452B31"
"LTE t4oss","DAU01458A11"
"LTE t4oss","DAU01458A21"
"LTE t4oss","DAU01458A31"
"LTE t4oss","DAU01459A11"
"LTE t4oss","DAU01459A21"
"LTE t4oss","DAU01459A31"
"LTE t4oss","DAU01460A11"
"LTE t4oss","DAU01460A21"
"LTE t4oss","DAU01460A31"
"LTE t4oss","DAU01461A11"
"LTE t4oss","DAU01461A21"
"LTE t4oss","DAU01461A31"
"LTE t4oss","DAU01462B11"
"LTE t4oss","DAU01462B21"
"LTE t4oss","DAU01462B31"
"LTE t4oss","DAU01463J11"
"LTE t4oss","DAU01463J21"
"LTE t4oss","DAU01463J31"
"LTE t4oss","DAU01463J41"
"LTE t4oss","DAU01466A11"
"LTE t4oss","DAU01466A21"
"LTE t4oss","DAU01466A31"
"LTE t4oss","DAU01466A41"
"LTE t4oss","DAU01467A11"
"LTE t4oss","DAU01467A21"
"LTE t4oss","DAU01467A31"
"LTE t4oss","DAU01468A11"
"LTE t4oss","DAU01468A21"
"LTE t4oss","DAU01468A31"
"LTE t4oss","DAU01469E11"
"LTE t4oss","DAU01469E21"
"LTE t4oss","DAU01469E31"
"LTE t4oss","DAU01472A11"
"LTE t4oss","DAU01472A21"
"LTE t4oss","DAU01472A31"
"LTE t4oss","DAU01474A11"
"LTE t4oss","DAU01474A21"
"LTE t4oss","DAU01474A31"
"LTE t4oss","DAU01478B11"
"LTE t4oss","DAU01478B21"
"LTE t4oss","DAU01478B31"
"LTE t4oss","DAU01479C11"
"LTE t4oss","DAU01479C21"
"LTE t4oss","DAU01479C31"
"LTE t4oss","DAU01488B11"
"LTE t4oss","DAU01488B21"
"LTE t4oss","DAU01488B31"
"LTE t4oss","DAU01492A11"
"LTE t4oss","DAU01492A21"
"LTE t4oss","DAU01492A31"
"LTE t4oss","DAU01495A11"
"LTE t4oss","DAU01495A21"
"LTE t4oss","DAU01495A31"
"LTE t4oss","DAU01497A11"
"LTE t4oss","DAU01497A21"
"LTE t4oss","DAU01497A31"
"LTE t4oss","DAU01498B11"
"LTE t4oss","DAU01498B21"
"LTE t4oss","DAU01498B31"
"LTE t4oss","DAU01499B11"
"LTE t4oss","DAU01499B21"
"LTE t4oss","DAU01499B31"
"LTE t4oss","DAU01501B11"
"LTE t4oss","DAU01501B21"
"LTE t4oss","DAU01501B31"
"LTE t4oss","DAU01502B11"
"LTE t4oss","DAU01502B21"
"LTE t4oss","DAU01502B31"
"LTE t4oss","DAU01504C11"
"LTE t4oss","DAU01504C21"
"LTE t4oss","DAU01504C31"
"LTE t4oss","DAU01504C41"
"LTE t4oss","DAU01505E11"
"LTE t4oss","DAU01505E21"
"LTE t4oss","DAU01505E31"
"LTE t4oss","DAU01507A11"
"LTE t4oss","DAU01507A21"
"LTE t4oss","DAU01507A31"
"LTE t4oss","DAU01507A41"
"LTE t4oss","DAU01510B11"
"LTE t4oss","DAU01510B21"
"LTE t4oss","DAU01510B31"
"LTE t4oss","DAU01511A11"
"LTE t4oss","DAU01511A21"
"LTE t4oss","DAU01511A31"
"LTE t4oss","DAU01513A11"
"LTE t4oss","DAU01513A21"
"LTE t4oss","DAU01513A31"
"LTE t4oss","DAU01514A11"
"LTE t4oss","DAU01514A21"
"LTE t4oss","DAU01514A31"
"LTE t4oss","DAU01515E11"
"LTE t4oss","DAU01515E21"
"LTE t4oss","DAU01515E31"
"LTE t4oss","DAU01516A11"
"LTE t4oss","DAU01516A21"
"LTE t4oss","DAU01516A31"
"LTE t4oss","DAU01517A11"
"LTE t4oss","DAU01517A21"
"LTE t4oss","DAU01517A31"
"LTE t4oss","DAU01518A11"
"LTE t4oss","DAU01518A21"
"LTE t4oss","DAU01518A31"
"LTE t4oss","DAU01519C11"
"LTE t4oss","DAU01519C21"
"LTE t4oss","DAU01519C31"
"LTE t4oss","DAU01520A11"
"LTE t4oss","DAU01520A21"
"LTE t4oss","DAU01520A31"
"LTE t4oss","DAU01522A11"
"LTE t4oss","DAU01522A21"
"LTE t4oss","DAU01522A31"
"LTE t4oss","DAU01523A11"
"LTE t4oss","DAU01523A21"
"LTE t4oss","DAU01523A31"
"LTE t4oss","DAU01524D11"
"LTE t4oss","DAU01524D21"
"LTE t4oss","DAU01524D31"
"LTE t4oss","DAU01524D41"
"LTE t4oss","DAU01525A11"
"LTE t4oss","DAU01525A21"
"LTE t4oss","DAU01525A31"
"LTE t4oss","DAU01531D11"
"LTE t4oss","DAU01531D21"
"LTE t4oss","DAU01533A11"
"LTE t4oss","DAU01533A21"
"LTE t4oss","DAU01533A31"
"LTE t4oss","DAU01533A41"
"LTE t4oss","DAU01534B11"
"LTE t4oss","DAU01534B21"
"LTE t4oss","DAU01534B31"
"LTE t4oss","DAU01535J11"
"LTE t4oss","DAU01535J21"
"LTE t4oss","DAU01535J31"
"LTE t4oss","DAU01536C11"
"LTE t4oss","DAU01536C21"
"LTE t4oss","DAU01536C31"
"LTE t4oss","DAU01539A11"
"LTE t4oss","DAU01539A21"
"LTE t4oss","DAU01539A31"
"LTE t4oss","DAU01540A11"
"LTE t4oss","DAU01540A21"
"LTE t4oss","DAU01540A31"
"LTE t4oss","DAU01541A11"
"LTE t4oss","DAU01541A21"
"LTE t4oss","DAU01541A31"
"LTE t4oss","DAU01542A11"
"LTE t4oss","DAU01542A21"
"LTE t4oss","DAU01542A31"
"LTE t4oss","DAU01544A11"
"LTE t4oss","DAU01544A21"
"LTE t4oss","DAU01544A31"
"LTE t4oss","DAU01548D11"
"LTE t4oss","DAU01548D21"
"LTE t4oss","DAU01548D31"
"LTE t4oss","DAU01550B11"
"LTE t4oss","DAU01550B21"
"LTE t4oss","DAU01550B31"
"LTE t4oss","DAU01556A11"
"LTE t4oss","DAU01556A21"
"LTE t4oss","DAU01556A31"
"LTE t4oss","DAU01558A11"
"LTE t4oss","DAU01558A21"
"LTE t4oss","DAU01558A31"
"LTE t4oss","DAU01559A11"
"LTE t4oss","DAU01559A21"
"LTE t4oss","DAU01559A31"
"LTE t4oss","DAU01566C11"
"LTE t4oss","DAU01566C21"
"LTE t4oss","DAU01566C31"
"LTE t4oss","DAU01567B11"
"LTE t4oss","DAU01567B21"
"LTE t4oss","DAU01567B31"
"LTE t4oss","DAU01568B11"
"LTE t4oss","DAU01568B21"
"LTE t4oss","DAU01568B31"
"LTE t4oss","DAU01569B11"
"LTE t4oss","DAU01569B21"
"LTE t4oss","DAU01569B31"
"LTE t4oss","DAU01569B41"
"LTE t4oss","DAU01571A11"
"LTE t4oss","DAU01571A21"
"LTE t4oss","DAU01571A31"
"LTE t4oss","DAU01572A11"
"LTE t4oss","DAU01572A21"
"LTE t4oss","DAU01572A31"
"LTE t4oss","DAU01573B11"
"LTE t4oss","DAU01573B21"
"LTE t4oss","DAU01573B31"
"LTE t4oss","DAU01576A11"
"LTE t4oss","DAU01576A21"
"LTE t4oss","DAU01576A31"
"LTE t4oss","DAU01578D11"
"LTE t4oss","DAU01578D21"
"LTE t4oss","DAU01578D31"
"LTE t4oss","DAU01578D41"
"LTE t4oss","DAU01579C11"
"LTE t4oss","DAU01579C21"
"LTE t4oss","DAU01579C31"
"LTE t4oss","DAU01581B11"
"LTE t4oss","DAU01581B21"
"LTE t4oss","DAU01581B31"
"LTE t4oss","DAU01582B11"
"LTE t4oss","DAU01582B21"
"LTE t4oss","DAU01582B31"
"LTE t4oss","DAU01584A11"
"LTE t4oss","DAU01584A21"
"LTE t4oss","DAU01584A31"
"LTE t4oss","DAU01585A11"
"LTE t4oss","DAU01585A21"
"LTE t4oss","DAU01585A31"
"LTE t4oss","DAU01587B11"
"LTE t4oss","DAU01587B21"
"LTE t4oss","DAU01587B31"
"LTE t4oss","DAU01589B11"
"LTE t4oss","DAU01589B21"
"LTE t4oss","DAU01589B31"
"LTE t4oss","DAU01594A11"
"LTE t4oss","DAU01594A21"
"LTE t4oss","DAU01594A31"
"LTE t4oss","DAU01606D11"
"LTE t4oss","DAU01606D21"
"LTE t4oss","DAU01606D31"
"LTE t4oss","DAU01608D11"
"LTE t4oss","DAU01608D21"
"LTE t4oss","DAU01608D31"
"LTE t4oss","DAU01613A11"
"LTE t4oss","DAU01613A21"
"LTE t4oss","DAU01613A31"
"LTE t4oss","DAU01651B11"
"LTE t4oss","DAU01651B21"
"LTE t4oss","DAU01651B31"
"LTE t4oss","DAU01656I11"
"LTE t4oss","DAU01656I21"
"LTE t4oss","DAU01656I31"
"LTE t4oss","DAU01659A11"
"LTE t4oss","DAU01659A21"
"LTE t4oss","DAU01659A31"
"LTE t4oss","DAU01659A41"
"LTE t4oss","DAU01660A11"
"LTE t4oss","DAU01660A21"
"LTE t4oss","DAU01660A31"
"LTE t4oss","DAU01661F11"
"LTE t4oss","DAU01661F21"
"LTE t4oss","DAU01661F31"
"LTE t4oss","DAU01677A11"
"LTE t4oss","DAU01677A21"
"LTE t4oss","DAU01677A31"
"LTE t4oss","DAU01737A11"
"LTE t4oss","DAU01737A21"
"LTE t4oss","DAU01737A31"
"LTE t4oss","DAU01761A11"
"LTE t4oss","DAU01761A21"
"LTE t4oss","DAU01761A31"
"LTE t4oss","DAU01789A11"
"LTE t4oss","DAU01789A21"
"LTE t4oss","DAU01789A31"
"LTE t4oss","DAU01820A11"
"LTE t4oss","DAU01820A21"
"LTE t4oss","DAU01820A31"
"LTE t4oss","DAU01864B11"
"LTE t4oss","DAU01864B21"
"LTE t4oss","DAU01864B31"
"LTE t4oss","DAU02001A11"
"LTE t4oss","DAU02001A21"
"LTE t4oss","DAU02001A31"
"LTE t4oss","DAU02011A11"
"LTE t4oss","DAU02011A21"
"LTE t4oss","DAU02011A31"
"LTE t4oss","DAU02014A11"
"LTE t4oss","DAU02014A21"
"LTE t4oss","DAU02014A31"
"LTE t4oss","DAU02017A11"
"LTE t4oss","DAU02017A21"
"LTE t4oss","DAU02017A31"
"LTE t4oss","DAU02021A11"
"LTE t4oss","DAU02021A21"
"LTE t4oss","DAU02021A31"
"LTE t4oss","DAU02030A11"
"LTE t4oss","DAU02030A21"
"LTE t4oss","DAU02030A31"
"LTE t4oss","DAU02035A11"
"LTE t4oss","DAU02035A21"
"LTE t4oss","DAU02035A31"
"LTE t4oss","DAU02036A11"
"LTE t4oss","DAU02036A21"
"LTE t4oss","DAU02036A31"
"LTE t4oss","DAU02244A11"
"LTE t4oss","DAU02244A21"
"LTE t4oss","DAU02244A31"
"LTE t4oss","DAU02291A11"
"LTE t4oss","DAU02291A21"
"LTE t4oss","DAU02291A31"
"LTE t4oss","DAU02297A11"
"LTE t4oss","DAU02297A21"
"LTE t4oss","DAU02297A31"
"LTE t4oss","DAU02297A41"
"LTE t4oss","DAU02299A11"
"LTE t4oss","DAU02299A21"
"LTE t4oss","DAU02299A31"
"LTE t4oss","DAU05004A11"
"LTE t4oss","DAU05004A21"
"LTE t4oss","DAU05004A31"
"LTE t4oss","DAU05008A11"
"LTE t4oss","DAU05008A21"
"LTE t4oss","DAU05008A31"
"LTE t4oss","DCC01001A11"
"LTE t4oss","DCC01001A21"
"LTE t4oss","DCC01001A31"
"LTE t4oss","DCC01001A41"
"LTE t4oss","DCC01002A11"
"LTE t4oss","DCC01002A21"
"LTE t4oss","DCC01002A31"
"LTE t4oss","DCC01008A11"
"LTE t4oss","DCC01008A21"
"LTE t4oss","DCC01008A31"
"LTE t4oss","DCC01010B11"
"LTE t4oss","DCC01010B21"
"LTE t4oss","DCC01010B31"
"LTE t4oss","DCC01011A11"
"LTE t4oss","DCC01011A21"
"LTE t4oss","DCC01011A31"
"LTE t4oss","DCC01011A41"
"LTE t4oss","DCC01012A11"
"LTE t4oss","DCC01012A21"
"LTE t4oss","DCC01012A31"
"LTE t4oss","DCC01013A11"
"LTE t4oss","DCC01013A21"
"LTE t4oss","DCC01013A31"
"LTE t4oss","DCC01014A11"
"LTE t4oss","DCC01014A21"
"LTE t4oss","DCC01014A31"
"LTE t4oss","DCC01015A11"
"LTE t4oss","DCC01015A21"
"LTE t4oss","DCC01015A31"
"LTE t4oss","DCC01016A11"
"LTE t4oss","DCC01016A21"
"LTE t4oss","DCC01016A31"
"LTE t4oss","DCC01021Z11"
"LTE t4oss","DCC01021Z21"
"LTE t4oss","DCC01021Z31"
"LTE t4oss","DCC01022A11"
"LTE t4oss","DCC01022A21"
"LTE t4oss","DCC01022A31"
"LTE t4oss","DCC01029F11"
"LTE t4oss","DCC01029F21"
"LTE t4oss","DCC01029F31"
"LTE t4oss","DCC01030A11"
"LTE t4oss","DCC01030A21"
"LTE t4oss","DCC01030A31"
"LTE t4oss","DCC01031A11"
"LTE t4oss","DCC01031A21"
"LTE t4oss","DCC01031A31"
"LTE t4oss","DCC01032A11"
"LTE t4oss","DCC01032A21"
"LTE t4oss","DCC01033A11"
"LTE t4oss","DCC01033A21"
"LTE t4oss","DCC01036A11"
"LTE t4oss","DCC01036A21"
"LTE t4oss","DCC01036A31"
"LTE t4oss","DCC01037A11"
"LTE t4oss","DCC01037A21"
"LTE t4oss","DCC01037A31"
"LTE t4oss","DCC01038A11"
"LTE t4oss","DCC01038A21"
"LTE t4oss","DCC01038A31"
"LTE t4oss","DCC01039A11"
"LTE t4oss","DCC01039A21"
"LTE t4oss","DCC01039A31"
"LTE t4oss","DCC01040A11"
"LTE t4oss","DCC01040A21"
"LTE t4oss","DCC01040A31"
"LTE t4oss","DCC01042A11"
"LTE t4oss","DCC01042A21"
"LTE t4oss","DCC01042A31"
"LTE t4oss","DCC01043A11"
"LTE t4oss","DCC01043A21"
"LTE t4oss","DCC01043A31"
"LTE t4oss","DCC01044A11"
"LTE t4oss","DCC01044A21"
"LTE t4oss","DCC01044A31"
"LTE t4oss","DCC01046A11"
"LTE t4oss","DCC01046A21"
"LTE t4oss","DCC01046A31"
"LTE t4oss","DCC01047A11"
"LTE t4oss","DCC01047A21"
"LTE t4oss","DCC01047A31"
"LTE t4oss","DCC01048A11"
"LTE t4oss","DCC01048A21"
"LTE t4oss","DCC01048A31"
"LTE t4oss","DCC01049A11"
"LTE t4oss","DCC01049A21"
"LTE t4oss","DCC01049A31"
"LTE t4oss","DCC01050A11"
"LTE t4oss","DCC01050A21"
"LTE t4oss","DCC01050A31"
"LTE t4oss","DCC01052A11"
"LTE t4oss","DCC01052A21"
"LTE t4oss","DCC01052A31"
"LTE t4oss","DCC01054A11"
"LTE t4oss","DCC01054A21"
"LTE t4oss","DCC01054A31"
"LTE t4oss","DCC01054A41"
"LTE t4oss","DCC01055A11"
"LTE t4oss","DCC01055A21"
"LTE t4oss","DCC01060A11"
"LTE t4oss","DCC01060A21"
"LTE t4oss","DCC01060A31"
"LTE t4oss","DCC01062A11"
"LTE t4oss","DCC01062A21"
"LTE t4oss","DCC01062A31"
"LTE t4oss","DCC01063A11"
"LTE t4oss","DCC01063A21"
"LTE t4oss","DCC01063A31"
"LTE t4oss","DCC01064A11"
"LTE t4oss","DCC01064A21"
"LTE t4oss","DCC01064A31"
"LTE t4oss","DCC01065A11"
"LTE t4oss","DCC01065A21"
"LTE t4oss","DCC01065A31"
"LTE t4oss","DCC01067A11"
"LTE t4oss","DCC01067A21"
"LTE t4oss","DCC01067A31"
"LTE t4oss","DCC01068A11"
"LTE t4oss","DCC01068A21"
"LTE t4oss","DCC01068A31"
"LTE t4oss","DCC01069A11"
"LTE t4oss","DCC01069A21"
"LTE t4oss","DCC01069A31"
"LTE t4oss","DCC01073A11"
"LTE t4oss","DCC01073A21"
"LTE t4oss","DCC01073A31"
"LTE t4oss","DCC01074A11"
"LTE t4oss","DCC01074A21"
"LTE t4oss","DCC01074A31"
"LTE t4oss","DCC01075A11"
"LTE t4oss","DCC01075A21"
"LTE t4oss","DCC01075A31"
"LTE t4oss","DCC01078A11"
"LTE t4oss","DCC01078A21"
"LTE t4oss","DCC01078A31"
"LTE t4oss","DCC01079A11"
"LTE t4oss","DCC01079A21"
"LTE t4oss","DCC01079A31"
"LTE t4oss","DCC01081A11"
"LTE t4oss","DCC01081A21"
"LTE t4oss","DCC01083A11"
"LTE t4oss","DCC01083A21"
"LTE t4oss","DCC01083A31"
"LTE t4oss","DCC01083A41"
"LTE t4oss","DCC01086A11"
"LTE t4oss","DCC01086A21"
"LTE t4oss","DCC01086A31"
"LTE t4oss","DCC01086A41"
"LTE t4oss","DCC01101A11"
"LTE t4oss","DCC01101A21"
"LTE t4oss","DCC01101A31"
"LTE t4oss","DCC01102A11"
"LTE t4oss","DCC01102A21"
"LTE t4oss","DCC01102A31"
"LTE t4oss","DCC01102A41"
"LTE t4oss","DCC01103A11"
"LTE t4oss","DCC01103A21"
"LTE t4oss","DCC01103A31"
"LTE t4oss","DCC01103A41"
"LTE t4oss","DCC01107C11"
"LTE t4oss","DCC01107C21"
"LTE t4oss","DCC01107C31"
"LTE t4oss","DCC01108A11"
"LTE t4oss","DCC01108A21"
"LTE t4oss","DCC01108A31"
"LTE t4oss","DCC01111A11"
"LTE t4oss","DCC01111A21"
"LTE t4oss","DCC01112A11"
"LTE t4oss","DCC01112A21"
"LTE t4oss","DCC01112A31"
"LTE t4oss","DCC01113A11"
"LTE t4oss","DCC01113A21"
"LTE t4oss","DCC01113A31"
"LTE t4oss","DCC01114A11"
"LTE t4oss","DCC01114A21"
"LTE t4oss","DCC01114A31"
"LTE t4oss","DCC01116A11"
"LTE t4oss","DCC01116A21"
"LTE t4oss","DCC01116A31"
"LTE t4oss","DCC01118A11"
"LTE t4oss","DCC01118A21"
"LTE t4oss","DCC01118A31"
"LTE t4oss","DCC01119A11"
"LTE t4oss","DCC01119A21"
"LTE t4oss","DCC01119A31"
"LTE t4oss","DCC01120A11"
"LTE t4oss","DCC01120A21"
"LTE t4oss","DCC01120A31"
"LTE t4oss","DCC01123A11"
"LTE t4oss","DCC01123A21"
"LTE t4oss","DCC01123A31"
"LTE t4oss","DCC01125A11"
"LTE t4oss","DCC01125A21"
"LTE t4oss","DCC01125A31"
"LTE t4oss","DCC01126A11"
"LTE t4oss","DCC01126A21"
"LTE t4oss","DCC01126A31"
"LTE t4oss","DCC01127A11"
"LTE t4oss","DCC01127A21"
"LTE t4oss","DCC01127A31"
"LTE t4oss","DCC01130A11"
"LTE t4oss","DCC01130A21"
"LTE t4oss","DCC01130A31"
"LTE t4oss","DCC01130A41"
"LTE t4oss","DCC01131A11"
"LTE t4oss","DCC01131A21"
"LTE t4oss","DCC01131A31"
"LTE t4oss","DCC01134A11"
"LTE t4oss","DCC01134A21"
"LTE t4oss","DCC01134A31"
"LTE t4oss","DCC01136A11"
"LTE t4oss","DCC01136A21"
"LTE t4oss","DCC01137A11"
"LTE t4oss","DCC01137A21"
"LTE t4oss","DCC01137A31"
"LTE t4oss","DCC01138A11"
"LTE t4oss","DCC01138A21"
"LTE t4oss","DCC01138A31"
"LTE t4oss","DCC01139A11"
"LTE t4oss","DCC01139A21"
"LTE t4oss","DCC01139A31"
"LTE t4oss","DCC01139A41"
"LTE t4oss","DCC01140A11"
"LTE t4oss","DCC01140A21"
"LTE t4oss","DCC01141A11"
"LTE t4oss","DCC01141A21"
"LTE t4oss","DCC01141A31"
"LTE t4oss","DCC01142A11"
"LTE t4oss","DCC01142A21"
"LTE t4oss","DCC01142A31"
"LTE t4oss","DCC01142A41"
"LTE t4oss","DCC01143A11"
"LTE t4oss","DCC01143A21"
"LTE t4oss","DCC01143A31"
"LTE t4oss","DCC01151A11"
"LTE t4oss","DCC01151A21"
"LTE t4oss","DCC01151A31"
"LTE t4oss","DCC01152A11"
"LTE t4oss","DCC01152A21"
"LTE t4oss","DCC01153A11"
"LTE t4oss","DCC01153A21"
"LTE t4oss","DCC01153A31"
"LTE t4oss","DCC01153A41"
"LTE t4oss","DCC01155A11"
"LTE t4oss","DCC01155A21"
"LTE t4oss","DCC01157A11"
"LTE t4oss","DCC01157A21"
"LTE t4oss","DCC01157A31"
"LTE t4oss","DCC01163A11"
"LTE t4oss","DCC01163A21"
"LTE t4oss","DCC01163A31"
"LTE t4oss","DCC01163A41"
"LTE t4oss","DCC01164A11"
"LTE t4oss","DCC01164A21"
"LTE t4oss","DCC01164A31"
"LTE t4oss","DCC01165A11"
"LTE t4oss","DCC01165A21"
"LTE t4oss","DCC01166A11"
"LTE t4oss","DCC01166A21"
"LTE t4oss","DCC01166A31"
"LTE t4oss","DCC01167A11"
"LTE t4oss","DCC01167A21"
"LTE t4oss","DCC01168A11"
"LTE t4oss","DCC01168A21"
"LTE t4oss","DCC01168A31"
"LTE t4oss","DCC01175A11"
"LTE t4oss","DCC01175A21"
"LTE t4oss","DCC01175A31"
"LTE t4oss","DCC01177A11"
"LTE t4oss","DCC01177A21"
"LTE t4oss","DCC01177A31"
"LTE t4oss","DCC01178A11"
"LTE t4oss","DCC01178A21"
"LTE t4oss","DCC01178A31"
"LTE t4oss","DCC01179A11"
"LTE t4oss","DCC01179A21"
"LTE t4oss","DCC01179A31"
"LTE t4oss","DCC01180A11"
"LTE t4oss","DCC01180A21"
"LTE t4oss","DCC01180A31"
"LTE t4oss","DCC01181A11"
"LTE t4oss","DCC01181A21"
"LTE t4oss","DCC01181A31"
"LTE t4oss","DCC01182A11"
"LTE t4oss","DCC01182A21"
"LTE t4oss","DCC01182A31"
"LTE t4oss","DCC01183A11"
"LTE t4oss","DCC01183A21"
"LTE t4oss","DCC01183A31"
"LTE t4oss","DCC01184A11"
"LTE t4oss","DCC01184A21"
"LTE t4oss","DCC01184A31"
"LTE t4oss","DCC01185A11"
"LTE t4oss","DCC01185A21"
"LTE t4oss","DCC01185A31"
"LTE t4oss","DCC01185A41"
"LTE t4oss","DCC01186A11"
"LTE t4oss","DCC01186A21"
"LTE t4oss","DCC01186A31"
"LTE t4oss","DCC01187A11"
"LTE t4oss","DCC01187A21"
"LTE t4oss","DCC01187A31"
"LTE t4oss","DCC01188A11"
"LTE t4oss","DCC01188A21"
"LTE t4oss","DCC01189A11"
"LTE t4oss","DCC01189A21"
"LTE t4oss","DCC01189A31"
"LTE t4oss","DCC01189A41"
"LTE t4oss","DCC01190A11"
"LTE t4oss","DCC01190A21"
"LTE t4oss","DCC01190A31"
"LTE t4oss","DCC01191A11"
"LTE t4oss","DCC01191A21"
"LTE t4oss","DCC01191A31"
"LTE t4oss","DCC01192A11"
"LTE t4oss","DCC01192A21"
"LTE t4oss","DCC01192A31"
"LTE t4oss","DCC01193A11"
"LTE t4oss","DCC01193A21"
"LTE t4oss","DCC01193A31"
"LTE t4oss","DCC01193A41"
"LTE t4oss","DCC01194A11"
"LTE t4oss","DCC01194A21"
"LTE t4oss","DCC01194A31"
"LTE t4oss","DCC01194A41"
"LTE t4oss","DCC01195A11"
"LTE t4oss","DCC01195A21"
"LTE t4oss","DCC01195A31"
"LTE t4oss","DCC01196A11"
"LTE t4oss","DCC01196A21"
"LTE t4oss","DCC01196A31"
"LTE t4oss","DCC01197A11"
"LTE t4oss","DCC01197A21"
"LTE t4oss","DCC01197A31"
"LTE t4oss","DCC01198A11"
"LTE t4oss","DCC01198A21"
"LTE t4oss","DCC01198A31"
"LTE t4oss","DCC01199A11"
"LTE t4oss","DCC01199A21"
"LTE t4oss","DCC01199A31"
"LTE t4oss","DCC01201A11"
"LTE t4oss","DCC01201A21"
"LTE t4oss","DCC01201A31"
"LTE t4oss","DCC01202A11"
"LTE t4oss","DCC01202A21"
"LTE t4oss","DCC01202A31"
"LTE t4oss","DCC01203A11"
"LTE t4oss","DCC01203A21"
"LTE t4oss","DCC01203A31"
"LTE t4oss","DCC01204A11"
"LTE t4oss","DCC01204A21"
"LTE t4oss","DCC01204A31"
"LTE t4oss","DCC01204A41"
"LTE t4oss","DCC01205A11"
"LTE t4oss","DCC01205A21"
"LTE t4oss","DCC01205A31"
"LTE t4oss","DCC01207A11"
"LTE t4oss","DCC01207A21"
"LTE t4oss","DCC01207A31"
"LTE t4oss","DCC01208A11"
"LTE t4oss","DCC01208A21"
"LTE t4oss","DCC01208A31"
"LTE t4oss","DCC01209A11"
"LTE t4oss","DCC01209A21"
"LTE t4oss","DCC01209A31"
"LTE t4oss","DCC01210A11"
"LTE t4oss","DCC01210A21"
"LTE t4oss","DCC01210A31"
"LTE t4oss","DCC01210A41"
"LTE t4oss","DCC01211A11"
"LTE t4oss","DCC01211A21"
"LTE t4oss","DCC01211A31"
"LTE t4oss","DCC01212A11"
"LTE t4oss","DCC01212A21"
"LTE t4oss","DCC01213A11"
"LTE t4oss","DCC01213A21"
"LTE t4oss","DCC01213A31"
"LTE t4oss","DCC01214A11"
"LTE t4oss","DCC01214A21"
"LTE t4oss","DCC01214A31"
"LTE t4oss","DCC01215A11"
"LTE t4oss","DCC01215A21"
"LTE t4oss","DCC01218A11"
"LTE t4oss","DCC01218A21"
"LTE t4oss","DCC01218A31"
"LTE t4oss","DCC01219A11"
"LTE t4oss","DCC01219A21"
"LTE t4oss","DCC01220A11"
"LTE t4oss","DCC01220A21"
"LTE t4oss","DCC01220A31"
"LTE t4oss","DCC01220A41"
"LTE t4oss","DCC01221A11"
"LTE t4oss","DCC01221A21"
"LTE t4oss","DCC01225A11"
"LTE t4oss","DCC01225A21"
"LTE t4oss","DCC01225A31"
"LTE t4oss","DCC01226A11"
"LTE t4oss","DCC01226A21"
"LTE t4oss","DCC01226A31"
"LTE t4oss","DCC01227A11"
"LTE t4oss","DCC01227A21"
"LTE t4oss","DCC01227A31"
"LTE t4oss","DCC01229A11"
"LTE t4oss","DCC01229A21"
"LTE t4oss","DCC01229A31"
"LTE t4oss","DCC01230A11"
"LTE t4oss","DCC01230A21"
"LTE t4oss","DCC01230A31"
"LTE t4oss","DCC01231A11"
"LTE t4oss","DCC01231A21"
"LTE t4oss","DCC01231A31"
"LTE t4oss","DCC01243A11"
"LTE t4oss","DCC01243A21"
"LTE t4oss","DCC01243A31"
"LTE t4oss","DCC01246A11"
"LTE t4oss","DCC01246A21"
"LTE t4oss","DCC01246A31"
"LTE t4oss","DCC01250A11"
"LTE t4oss","DCC01250A21"
"LTE t4oss","DCC01250A31"
"LTE t4oss","DCC01252A11"
"LTE t4oss","DCC01252A21"
"LTE t4oss","DCC01252A31"
"LTE t4oss","DCC01253A11"
"LTE t4oss","DCC01253A21"
"LTE t4oss","DCC01253A31"
"LTE t4oss","DCC01256A11"
"LTE t4oss","DCC01256A21"
"LTE t4oss","DCC01257A11"
"LTE t4oss","DCC01257A21"
"LTE t4oss","DCC01257A31"
"LTE t4oss","DCC01258A11"
"LTE t4oss","DCC01258A21"
"LTE t4oss","DCC01258A31"
"LTE t4oss","DCC01262D11"
"LTE t4oss","DCC01262D21"
"LTE t4oss","DCC01262D31"
"LTE t4oss","DCC01264B11"
"LTE t4oss","DCC01264B21"
"LTE t4oss","DCC01264B31"
"LTE t4oss","DCC01265C11"
"LTE t4oss","DCC01265C21"
"LTE t4oss","DCC01265C31"
"LTE t4oss","DCC01268A11"
"LTE t4oss","DCC01268A21"
"LTE t4oss","DCC01268A31"
"LTE t4oss","DCC01272A11"
"LTE t4oss","DCC01272A21"
"LTE t4oss","DCC01272A31"
"LTE t4oss","DCC01272A41"
"LTE t4oss","DCC01274A11"
"LTE t4oss","DCC01274A21"
"LTE t4oss","DCC01274A31"
"LTE t4oss","DCC01275A11"
"LTE t4oss","DCC01275A21"
"LTE t4oss","DCC01275A31"
"LTE t4oss","DCC01277A11"
"LTE t4oss","DCC01277A21"
"LTE t4oss","DCC01277A31"
"LTE t4oss","DCC01280A11"
"LTE t4oss","DCC01280A21"
"LTE t4oss","DCC01280A31"
"LTE t4oss","DCC01280A41"
"LTE t4oss","DCC01281F11"
"LTE t4oss","DCC01281F21"
"LTE t4oss","DCC01281F31"
"LTE t4oss","DCC01283A11"
"LTE t4oss","DCC01283A21"
"LTE t4oss","DCC01283A31"
"LTE t4oss","DCC01285B11"
"LTE t4oss","DCC01285B21"
"LTE t4oss","DCC01285B31"
"LTE t4oss","DCC01285B41"
"LTE t4oss","DCC01287A11"
"LTE t4oss","DCC01287A21"
"LTE t4oss","DCC01287A31"
"LTE t4oss","DCC01287A41"
"LTE t4oss","DCC01289A11"
"LTE t4oss","DCC01289A21"
"LTE t4oss","DCC01289A31"
"LTE t4oss","DCC01291A11"
"LTE t4oss","DCC01291A21"
"LTE t4oss","DCC01291A31"
"LTE t4oss","DCC01292A11"
"LTE t4oss","DCC01292A21"
"LTE t4oss","DCC01292A31"
"LTE t4oss","DCC01294A11"
"LTE t4oss","DCC01294A21"
"LTE t4oss","DCC01294A31"
"LTE t4oss","DCC01295C11"
"LTE t4oss","DCC01295C21"
"LTE t4oss","DCC01295C31"
"LTE t4oss","DCC01296A11"
"LTE t4oss","DCC01296A21"
"LTE t4oss","DCC01296A31"
"LTE t4oss","DCC01298A11"
"LTE t4oss","DCC01298A21"
"LTE t4oss","DCC01298A31"
"LTE t4oss","DCC01299D11"
"LTE t4oss","DCC01299D21"
"LTE t4oss","DCC01299D31"
"LTE t4oss","DCC01300B11"
"LTE t4oss","DCC01300B21"
"LTE t4oss","DCC01300B31"
"LTE t4oss","DCC01300B41"
"LTE t4oss","DCC01301B11"
"LTE t4oss","DCC01301B21"
"LTE t4oss","DCC01301B31"
"LTE t4oss","DCC01301B41"
"LTE t4oss","DCC01302B11"
"LTE t4oss","DCC01302B21"
"LTE t4oss","DCC01302B31"
"LTE t4oss","DCC01306A11"
"LTE t4oss","DCC01306A21"
"LTE t4oss","DCC01306A31"
"LTE t4oss","DCC01306A41"
"LTE t4oss","DCC01307A11"
"LTE t4oss","DCC01307A21"
"LTE t4oss","DCC01307A31"
"LTE t4oss","DCC01308A11"
"LTE t4oss","DCC01308A21"
"LTE t4oss","DCC01308A31"
"LTE t4oss","DCC01309B11"
"LTE t4oss","DCC01309B21"
"LTE t4oss","DCC01309B31"
"LTE t4oss","DCC01310B11"
"LTE t4oss","DCC01310B21"
"LTE t4oss","DCC01310B31"
"LTE t4oss","DCC01310B41"
"LTE t4oss","DCC01311B11"
"LTE t4oss","DCC01311B21"
"LTE t4oss","DCC01311B31"
"LTE t4oss","DCC01312A11"
"LTE t4oss","DCC01312A21"
"LTE t4oss","DCC01312A31"
"LTE t4oss","DCC01312A41"
"LTE t4oss","DCC01313A11"
"LTE t4oss","DCC01313A21"
"LTE t4oss","DCC01313A31"
"LTE t4oss","DCC01313A41"
"LTE t4oss","DCC01315B11"
"LTE t4oss","DCC01315B21"
"LTE t4oss","DCC01315B31"
"LTE t4oss","DCC01316A11"
"LTE t4oss","DCC01316A21"
"LTE t4oss","DCC01316A31"
"LTE t4oss","DCC01316A41"
"LTE t4oss","DCC01320A11"
"LTE t4oss","DCC01320A21"
"LTE t4oss","DCC01320A31"
"LTE t4oss","DCC01324A11"
"LTE t4oss","DCC01324A21"
"LTE t4oss","DCC01324A31"
"LTE t4oss","DCC01332A11"
"LTE t4oss","DCC01332A21"
"LTE t4oss","DCC01332A31"
"LTE t4oss","DCC01334A11"
"LTE t4oss","DCC01334A21"
"LTE t4oss","DCC01334A31"
"LTE t4oss","DCC01335A11"
"LTE t4oss","DCC01335A21"
"LTE t4oss","DCC01335A31"
"LTE t4oss","DCC01338B11"
"LTE t4oss","DCC01338B21"
"LTE t4oss","DCC01338B31"
"LTE t4oss","DCC01342A11"
"LTE t4oss","DCC01342A21"
"LTE t4oss","DCC01342A31"
"LTE t4oss","DCC01351A11"
"LTE t4oss","DCC01351A21"
"LTE t4oss","DCC01351A31"
"LTE t4oss","DCC01352B11"
"LTE t4oss","DCC01352B21"
"LTE t4oss","DCC01352B31"
"LTE t4oss","DCC01357A11"
"LTE t4oss","DCC01357A21"
"LTE t4oss","DCC01357A31"
"LTE t4oss","DCC01357A41"
"LTE t4oss","DCC01359A11"
"LTE t4oss","DCC01359A21"
"LTE t4oss","DCC01359A31"
"LTE t4oss","DCC01361A11"
"LTE t4oss","DCC01361A21"
"LTE t4oss","DCC01361A31"
"LTE t4oss","DCC01365B11"
"LTE t4oss","DCC01365B21"
"LTE t4oss","DCC01365B31"
"LTE t4oss","DCC01365B41"
"LTE t4oss","DCC01367F11"
"LTE t4oss","DCC01367F21"
"LTE t4oss","DCC01367F31"
"LTE t4oss","DCC01368A11"
"LTE t4oss","DCC01368A21"
"LTE t4oss","DCC01368A31"
"LTE t4oss","DCC01369A11"
"LTE t4oss","DCC01369A21"
"LTE t4oss","DCC01369A31"
"LTE t4oss","DCC01373C11"
"LTE t4oss","DCC01373C21"
"LTE t4oss","DCC01373C31"
"LTE t4oss","DCC01375A11"
"LTE t4oss","DCC01375A21"
"LTE t4oss","DCC01375A31"
"LTE t4oss","DCC01377A11"
"LTE t4oss","DCC01377A21"
"LTE t4oss","DCC01377A31"
"LTE t4oss","DCC01378A11"
"LTE t4oss","DCC01378A21"
"LTE t4oss","DCC01378A31"
"LTE t4oss","DCC01379A11"
"LTE t4oss","DCC01379A21"
"LTE t4oss","DCC01379A31"
"LTE t4oss","DCC01379A41"
"LTE t4oss","DCC01380A11"
"LTE t4oss","DCC01380A21"
"LTE t4oss","DCC01380A31"
"LTE t4oss","DCC01381A11"
"LTE t4oss","DCC01381A21"
"LTE t4oss","DCC01381A31"
"LTE t4oss","DCC01384B11"
"LTE t4oss","DCC01384B21"
"LTE t4oss","DCC01384B31"
"LTE t4oss","DCC01391A11"
"LTE t4oss","DCC01391A21"
"LTE t4oss","DCC01391A31"
"LTE t4oss","DCC01392A11"
"LTE t4oss","DCC01392A21"
"LTE t4oss","DCC01392A31"
"LTE t4oss","DCC01393A11"
"LTE t4oss","DCC01393A21"
"LTE t4oss","DCC01393A31"
"LTE t4oss","DCC01397D11"
"LTE t4oss","DCC01397D21"
"LTE t4oss","DCC01397D31"
"LTE t4oss","DCC01399A11"
"LTE t4oss","DCC01399A21"
"LTE t4oss","DCC01399A31"
"LTE t4oss","DCC01399A41"
"LTE t4oss","DCC01401A11"
"LTE t4oss","DCC01401A21"
"LTE t4oss","DCC01401A31"
"LTE t4oss","DCC01405A11"
"LTE t4oss","DCC01405A21"
"LTE t4oss","DCC01405A31"
"LTE t4oss","DCC01407A11"
"LTE t4oss","DCC01407A21"
"LTE t4oss","DCC01407A31"
"LTE t4oss","DCC01408A11"
"LTE t4oss","DCC01408A21"
"LTE t4oss","DCC01408A31"
"LTE t4oss","DCC01409A11"
"LTE t4oss","DCC01409A21"
"LTE t4oss","DCC01409A31"
"LTE t4oss","DCC01410A11"
"LTE t4oss","DCC01410A21"
"LTE t4oss","DCC01410A31"
"LTE t4oss","DCC01413A11"
"LTE t4oss","DCC01413A21"
"LTE t4oss","DCC01413A31"
"LTE t4oss","DCC01415C11"
"LTE t4oss","DCC01415C21"
"LTE t4oss","DCC01415C31"
"LTE t4oss","DCC01416D11"
"LTE t4oss","DCC01416D21"
"LTE t4oss","DCC01416D31"
"LTE t4oss","DCC01423D11"
"LTE t4oss","DCC01423D21"
"LTE t4oss","DCC01423D31"
"LTE t4oss","DCC01426A11"
"LTE t4oss","DCC01426A21"
"LTE t4oss","DCC01426A31"
"LTE t4oss","DCC01427B11"
"LTE t4oss","DCC01427B21"
"LTE t4oss","DCC01427B31"
"LTE t4oss","DCC01427B41"
"LTE t4oss","DCC01429A11"
"LTE t4oss","DCC01429A21"
"LTE t4oss","DCC01429A31"
"LTE t4oss","DCC01429A41"
"LTE t4oss","DCC01434A11"
"LTE t4oss","DCC01434A21"
"LTE t4oss","DCC01434A31"
"LTE t4oss","DCC01435B11"
"LTE t4oss","DCC01435B21"
"LTE t4oss","DCC01435B31"
"LTE t4oss","DCC01436B11"
"LTE t4oss","DCC01436B21"
"LTE t4oss","DCC01436B31"
"LTE t4oss","DCC01438A11"
"LTE t4oss","DCC01438A21"
"LTE t4oss","DCC01438A31"
"LTE t4oss","DCC01438A41"
"LTE t4oss","DCC01440A11"
"LTE t4oss","DCC01440A21"
"LTE t4oss","DCC01440A31"
"LTE t4oss","DCC01442A11"
"LTE t4oss","DCC01442A21"
"LTE t4oss","DCC01442A31"
"LTE t4oss","DCC01442A41"
"LTE t4oss","DCC01443A11"
"LTE t4oss","DCC01443A21"
"LTE t4oss","DCC01443A31"
"LTE t4oss","DCC01444B11"
"LTE t4oss","DCC01444B21"
"LTE t4oss","DCC01444B31"
"LTE t4oss","DCC01444B41"
"LTE t4oss","DCC01446A11"
"LTE t4oss","DCC01446A21"
"LTE t4oss","DCC01446A31"
"LTE t4oss","DCC01450A11"
"LTE t4oss","DCC01450A21"
"LTE t4oss","DCC01450A31"
"LTE t4oss","DCC01452A11"
"LTE t4oss","DCC01452A21"
"LTE t4oss","DCC01452A31"
"LTE t4oss","DCC01452A41"
"LTE t4oss","DCC01453A11"
"LTE t4oss","DCC01453A21"
"LTE t4oss","DCC01453A31"
"LTE t4oss","DCC01453A41"
"LTE t4oss","DCC01454A11"
"LTE t4oss","DCC01454A21"
"LTE t4oss","DCC01454A31"
"LTE t4oss","DCC01455A11"
"LTE t4oss","DCC01455A21"
"LTE t4oss","DCC01455A31"
"LTE t4oss","DCC01460A11"
"LTE t4oss","DCC01460A21"
"LTE t4oss","DCC01460A31"
"LTE t4oss","DCC01495B11"
"LTE t4oss","DCC01495B21"
"LTE t4oss","DCC01495B31"
"LTE t4oss","DCC01496A11"
"LTE t4oss","DCC01496A21"
"LTE t4oss","DCC01496A31"
"LTE t4oss","DCC01506A11"
"LTE t4oss","DCC01506A21"
"LTE t4oss","DCC01506A31"
"LTE t4oss","DCC01516A11"
"LTE t4oss","DCC01516A21"
"LTE t4oss","DCC01516A31"
"LTE t4oss","DCC01527A11"
"LTE t4oss","DCC01527A21"
"LTE t4oss","DCC01527A31"
"LTE t4oss","DCC01530A11"
"LTE t4oss","DCC01530A21"
"LTE t4oss","DCC01530A31"
"LTE t4oss","DCC01531G11"
"LTE t4oss","DCC01531G21"
"LTE t4oss","DCC01531G31"
"LTE t4oss","DCC01544A11"
"LTE t4oss","DCC01544A21"
"LTE t4oss","DCC01545B11"
"LTE t4oss","DCC01545B21"
"LTE t4oss","DCC01545B31"
"LTE t4oss","DCC01547A11"
"LTE t4oss","DCC01547A21"
"LTE t4oss","DCC01547A31"
"LTE t4oss","DCC01549A11"
"LTE t4oss","DCC01549A21"
"LTE t4oss","DCC01549A31"
"LTE t4oss","DCC01551A11"
"LTE t4oss","DCC01551A21"
"LTE t4oss","DCC01551A31"
"LTE t4oss","DCC01556A11"
"LTE t4oss","DCC01556A21"
"LTE t4oss","DCC01556A31"
"LTE t4oss","DCC01560E11"
"LTE t4oss","DCC01560E21"
"LTE t4oss","DCC01560E31"
"LTE t4oss","DCC01561A11"
"LTE t4oss","DCC01561A21"
"LTE t4oss","DCC01561A31"
"LTE t4oss","DCC01562A11"
"LTE t4oss","DCC01562A21"
"LTE t4oss","DCC01562A31"
"LTE t4oss","DCC01563B11"
"LTE t4oss","DCC01563B21"
"LTE t4oss","DCC01563B31"
"LTE t4oss","DCC01565A11"
"LTE t4oss","DCC01565A21"
"LTE t4oss","DCC01565A31"
"LTE t4oss","DCC01566C11"
"LTE t4oss","DCC01566C21"
"LTE t4oss","DCC01566C31"
"LTE t4oss","DCC01572C11"
"LTE t4oss","DCC01572C21"
"LTE t4oss","DCC01572C31"
"LTE t4oss","DCC01581B11"
"LTE t4oss","DCC01581B21"
"LTE t4oss","DCC01581B31"
"LTE t4oss","DCC01582A11"
"LTE t4oss","DCC01582A21"
"LTE t4oss","DCC01582A31"
"LTE t4oss","DCC01583B11"
"LTE t4oss","DCC01583B21"
"LTE t4oss","DCC01583B31"
"LTE t4oss","DCC01591A11"
"LTE t4oss","DCC01591A21"
"LTE t4oss","DCC01591A31"
"LTE t4oss","DCC01591A41"
"LTE t4oss","DCC01607A11"
"LTE t4oss","DCC01607A21"
"LTE t4oss","DCC01607A31"
"LTE t4oss","DCC01607A41"
"LTE t4oss","DCC01618B11"
"LTE t4oss","DCC01618B21"
"LTE t4oss","DCC01618B31"
"LTE t4oss","DCC01618B41"
"LTE t4oss","DCC01622A11"
"LTE t4oss","DCC01622A21"
"LTE t4oss","DCC01622A31"
"LTE t4oss","DCC01654J11"
"LTE t4oss","DCC01654J21"
"LTE t4oss","DCC01654J31"
"LTE t4oss","DCC01656A11"
"LTE t4oss","DCC01656A21"
"LTE t4oss","DCC01656A31"
"LTE t4oss","DCC01662C11"
"LTE t4oss","DCC01662C21"
"LTE t4oss","DCC01662C31"
"LTE t4oss","DCC01673A11"
"LTE t4oss","DCC01673A21"
"LTE t4oss","DCC01673A31"
"LTE t4oss","DCC01676D11"
"LTE t4oss","DCC01676D21"
"LTE t4oss","DCC01676D31"
"LTE t4oss","DCC01681B11"
"LTE t4oss","DCC01681B21"
"LTE t4oss","DCC01681B31"
"LTE t4oss","DCC01705A11"
"LTE t4oss","DCC01705A21"
"LTE t4oss","DCC01705A31"
"LTE t4oss","DCC01763A11"
"LTE t4oss","DCC01763A21"
"LTE t4oss","DCC01763A31"
"LTE t4oss","DCC01785A11"
"LTE t4oss","DCC01785A21"
"LTE t4oss","DCC01785A31"
"LTE t4oss","DCC01804A11"
"LTE t4oss","DCC01804A21"
"LTE t4oss","DCC01804A31"
"LTE t4oss","DCC01805B11"
"LTE t4oss","DCC01805B21"
"LTE t4oss","DCC01805B31"
"LTE t4oss","DCC01902A11"
"LTE t4oss","DCC01902A21"
"LTE t4oss","DCC01902A31"
"LTE t4oss","DCC01907A11"
"LTE t4oss","DCC01907A21"
"LTE t4oss","DCC01907A31"
"LTE t4oss","DCC01916A11"
"LTE t4oss","DCC01916A21"
"LTE t4oss","DCC01916A31"
"LTE t4oss","DCC01921B11"
"LTE t4oss","DCC01921B21"
"LTE t4oss","DCC01921B31"
"LTE t4oss","DCC01941A11"
"LTE t4oss","DCC01941A21"
"LTE t4oss","DCC01941A31"
"LTE t4oss","DCC01942A11"
"LTE t4oss","DCC01942A21"
"LTE t4oss","DCC01942A31"
"LTE t4oss","DCC01946A11"
"LTE t4oss","DCC01946A21"
"LTE t4oss","DCC01946A31"
"LTE t4oss","DCC01947A11"
"LTE t4oss","DCC01947A21"
"LTE t4oss","DCC01947A31"
"LTE t4oss","DCC01949B11"
"LTE t4oss","DCC01949B21"
"LTE t4oss","DCC01949B31"
"LTE t4oss","DCC01953A11"
"LTE t4oss","DCC01953A21"
"LTE t4oss","DCC01953A31"
"LTE t4oss","DCC01955B11"
"LTE t4oss","DCC01955B21"
"LTE t4oss","DCC01955B31"
"LTE t4oss","DCC01962A11"
"LTE t4oss","DCC01962A21"
"LTE t4oss","DCC01962A31"
"LTE t4oss","DCC01965A11"
"LTE t4oss","DCC01965A21"
"LTE t4oss","DCC01965A31"
"LTE t4oss","DCC01992A11"
"LTE t4oss","DCC01992A21"
"LTE t4oss","DCC01992A31"
"LTE t4oss","DCC01992A41"
"LTE t4oss","DCC02000A11"
"LTE t4oss","DCC02000A21"
"LTE t4oss","DCC02000A31"
"LTE t4oss","DCC02001A11"
"LTE t4oss","DCC02001A21"
"LTE t4oss","DCC02001A31"
"LTE t4oss","DCC02002A11"
"LTE t4oss","DCC02002A21"
"LTE t4oss","DCC02002A31"
"LTE t4oss","DCC02101A11"
"LTE t4oss","DCC02101A21"
"LTE t4oss","DCC02101A31"
"LTE t4oss","DCC02105A11"
"LTE t4oss","DCC02105A21"
"LTE t4oss","DCC02105A31"
"LTE t4oss","DCC02108A11"
"LTE t4oss","DCC02108A21"
"LTE t4oss","DCC02108A31"
"LTE t4oss","DCC02110A11"
"LTE t4oss","DCC02110A21"
"LTE t4oss","DCC02110A31"
"LTE t4oss","DCC02111A11"
"LTE t4oss","DCC02111A21"
"LTE t4oss","DCC02111A31"
"LTE t4oss","DCC02112A11"
"LTE t4oss","DCC02112A21"
"LTE t4oss","DCC02112A31"
"LTE t4oss","DCC02119A11"
"LTE t4oss","DCC02119A21"
"LTE t4oss","DCC02119A31"
"LTE t4oss","DCC02127A11"
"LTE t4oss","DCC02127A21"
"LTE t4oss","DCC02127A31"
"LTE t4oss","DCC02132A11"
"LTE t4oss","DCC02132A21"
"LTE t4oss","DCC02132A31"
"LTE t4oss","DCC02149A11"
"LTE t4oss","DCC02149A21"
"LTE t4oss","DCC02149A31"
"LTE t4oss","DCC02159A11"
"LTE t4oss","DCC02159A21"
"LTE t4oss","DCC02159A31"
"LTE t4oss","DCC02161A11"
"LTE t4oss","DCC02161A21"
"LTE t4oss","DCC02161A31"
"LTE t4oss","DCC02164A11"
"LTE t4oss","DCC02164A21"
"LTE t4oss","DCC02164A31"
"LTE t4oss","DCC02167A11"
"LTE t4oss","DCC02167A21"
"LTE t4oss","DCC02167A31"
"LTE t4oss","DCC02170A11"
"LTE t4oss","DCC02170A21"
"LTE t4oss","DCC02170A31"
"LTE t4oss","DCC02175A11"
"LTE t4oss","DCC02175A21"
"LTE t4oss","DCC02175A31"
"LTE t4oss","DCC02178A11"
"LTE t4oss","DCC02178A21"
"LTE t4oss","DCC02178A31"
"LTE t4oss","DCC03801A11"
"LTE t4oss","DCC03801A21"
"LTE t4oss","DCC03801A31"
"LTE t4oss","DCC03802A11"
"LTE t4oss","DCC03802A21"
"LTE t4oss","DCC03802A31"
"LTE t4oss","DCC03803A11"
"LTE t4oss","DCC03803A21"
"LTE t4oss","DCC03803A31"
"LTE t4oss","DCC03804A11"
"LTE t4oss","DCC03804A21"
"LTE t4oss","DCC03804A31"
"LTE t4oss","DCC03805A11"
"LTE t4oss","DCC03805A21"
"LTE t4oss","DCC03805A31"
"LTE t4oss","DCC03807A11"
"LTE t4oss","DCC03807A21"
"LTE t4oss","DCC03807A31"
"LTE t4oss","DCC03808A11"
"LTE t4oss","DCC03808A21"
"LTE t4oss","DCC03808A31"
"LTE t4oss","DCC03810A11"
"LTE t4oss","DCC03810A21"
"LTE t4oss","DCC03810A31"
"LTE t4oss","DCC03811A11"
"LTE t4oss","DCC03811A21"
"LTE t4oss","DCC03811A31"
"LTE t4oss","DCC03812A11"
"LTE t4oss","DCC03812A21"
"LTE t4oss","DCC03812A31"
"LTE t4oss","DCC03813A11"
"LTE t4oss","DCC03813A21"
"LTE t4oss","DCC03813A31"
"LTE t4oss","DCC03814A11"
"LTE t4oss","DCC03814A21"
"LTE t4oss","DCC03814A31"
"LTE t4oss","DCC03815A11"
"LTE t4oss","DCC03815A21"
"LTE t4oss","DCC03815A31"
"LTE t4oss","DCC03817A11"
"LTE t4oss","DCC03817A21"
"LTE t4oss","DCC03817A31"
"LTE t4oss","DDA03321A11"
"LTE t4oss","DDA03321A21"
"LTE t4oss","DDA03321A31"
"LTE t4oss","DSA01004B11"
"LTE t4oss","DSA01004B21"
"LTE t4oss","DSA01004B31"
"LTE t4oss","DSA01030A11"
"LTE t4oss","DSA01030A21"
"LTE t4oss","DSA01030A31"
"LTE t4oss","DSA01031A11"
"LTE t4oss","DSA01031A21"
"LTE t4oss","DSA01031A31"
"LTE t4oss","DSA01101C11"
"LTE t4oss","DSA01101C21"
"LTE t4oss","DSA01101C31"
"LTE t4oss","DSA01102A11"
"LTE t4oss","DSA01102A21"
"LTE t4oss","DSA01102A31"
"LTE t4oss","DSA01103A11"
"LTE t4oss","DSA01103A21"
"LTE t4oss","DSA01103A31"
"LTE t4oss","DSA01104B11"
"LTE t4oss","DSA01104B21"
"LTE t4oss","DSA01104B31"
"LTE t4oss","DSA01105C11"
"LTE t4oss","DSA01105C21"
"LTE t4oss","DSA01105C31"
"LTE t4oss","DSA01107B11"
"LTE t4oss","DSA01107B21"
"LTE t4oss","DSA01107B31"
"LTE t4oss","DSA01109C11"
"LTE t4oss","DSA01109C21"
"LTE t4oss","DSA01109C31"
"LTE t4oss","DSA01110A11"
"LTE t4oss","DSA01110A21"
"LTE t4oss","DSA01110A31"
"LTE t4oss","DSA01112B11"
"LTE t4oss","DSA01112B21"
"LTE t4oss","DSA01112B31"
"LTE t4oss","DSA01113A11"
"LTE t4oss","DSA01113A21"
"LTE t4oss","DSA01113A31"
"LTE t4oss","DSA01114A11"
"LTE t4oss","DSA01114A21"
"LTE t4oss","DSA01114A31"
"LTE t4oss","DSA01115A11"
"LTE t4oss","DSA01115A21"
"LTE t4oss","DSA01115A31"
"LTE t4oss","DSA01116A11"
"LTE t4oss","DSA01116A21"
"LTE t4oss","DSA01116A31"
"LTE t4oss","DSA01118B11"
"LTE t4oss","DSA01118B21"
"LTE t4oss","DSA01118B31"
"LTE t4oss","DSA01121A11"
"LTE t4oss","DSA01121A21"
"LTE t4oss","DSA01121A31"
"LTE t4oss","DSA01122A11"
"LTE t4oss","DSA01122A21"
"LTE t4oss","DSA01122A31"
"LTE t4oss","DSA01124A11"
"LTE t4oss","DSA01124A21"
"LTE t4oss","DSA01124A31"
"LTE t4oss","DSA01125C11"
"LTE t4oss","DSA01125C21"
"LTE t4oss","DSA01125C31"
"LTE t4oss","DSA01127A11"
"LTE t4oss","DSA01127A21"
"LTE t4oss","DSA01127A31"
"LTE t4oss","DSA01130A11"
"LTE t4oss","DSA01130A21"
"LTE t4oss","DSA01130A31"
"LTE t4oss","DSA01133A11"
"LTE t4oss","DSA01133A21"
"LTE t4oss","DSA01133A31"
"LTE t4oss","DSA01134A11"
"LTE t4oss","DSA01134A21"
"LTE t4oss","DSA01134A31"
"LTE t4oss","DSA01150B11"
"LTE t4oss","DSA01150B21"
"LTE t4oss","DSA01150B31"
"LTE t4oss","DSA01150B41"
"LTE t4oss","DSA01201A11"
"LTE t4oss","DSA01201A21"
"LTE t4oss","DSA01201A31"
"LTE t4oss","DSA01202A11"
"LTE t4oss","DSA01202A21"
"LTE t4oss","DSA01202A31"
"LTE t4oss","DSA01203D11"
"LTE t4oss","DSA01203D21"
"LTE t4oss","DSA01203D31"
"LTE t4oss","DSA01204C11"
"LTE t4oss","DSA01204C21"
"LTE t4oss","DSA01204C31"
"LTE t4oss","DSA01208E11"
"LTE t4oss","DSA01208E21"
"LTE t4oss","DSA01208E31"
"LTE t4oss","DSA01209A11"
"LTE t4oss","DSA01209A21"
"LTE t4oss","DSA01209A31"
"LTE t4oss","DSA01215B11"
"LTE t4oss","DSA01215B21"
"LTE t4oss","DSA01215B31"
"LTE t4oss","DSA01216A11"
"LTE t4oss","DSA01216A21"
"LTE t4oss","DSA01216A31"
"LTE t4oss","DSA01217E11"
"LTE t4oss","DSA01217E21"
"LTE t4oss","DSA01217E31"
"LTE t4oss","DSA01218A11"
"LTE t4oss","DSA01218A21"
"LTE t4oss","DSA01218A31"
"LTE t4oss","DSA01219C11"
"LTE t4oss","DSA01219C21"
"LTE t4oss","DSA01219C31"
"LTE t4oss","DSA01221B11"
"LTE t4oss","DSA01221B21"
"LTE t4oss","DSA01221B31"
"LTE t4oss","DSA01222C11"
"LTE t4oss","DSA01222C21"
"LTE t4oss","DSA01222C31"
"LTE t4oss","DSA01223A11"
"LTE t4oss","DSA01223A21"
"LTE t4oss","DSA01223A31"
"LTE t4oss","DSA01224G11"
"LTE t4oss","DSA01224G21"
"LTE t4oss","DSA01224G31"
"LTE t4oss","DSA01225A11"
"LTE t4oss","DSA01225A21"
"LTE t4oss","DSA01225A31"
"LTE t4oss","DSA01225A41"
"LTE t4oss","DSA01226G11"
"LTE t4oss","DSA01226G21"
"LTE t4oss","DSA01226G31"
"LTE t4oss","DSA01227A11"
"LTE t4oss","DSA01227A21"
"LTE t4oss","DSA01227A31"
"LTE t4oss","DSA01228B11"
"LTE t4oss","DSA01228B21"
"LTE t4oss","DSA01228B31"
"LTE t4oss","DSA01229F11"
"LTE t4oss","DSA01229F21"
"LTE t4oss","DSA01229F31"
"LTE t4oss","DSA01232A11"
"LTE t4oss","DSA01232A21"
"LTE t4oss","DSA01232A31"
"LTE t4oss","DSA01233A11"
"LTE t4oss","DSA01233A21"
"LTE t4oss","DSA01233A31"
"LTE t4oss","DSA01235A11"
"LTE t4oss","DSA01235A21"
"LTE t4oss","DSA01235A31"
"LTE t4oss","DSA01236A11"
"LTE t4oss","DSA01236A21"
"LTE t4oss","DSA01236A31"
"LTE t4oss","DSA01236A41"
"LTE t4oss","DSA01237D11"
"LTE t4oss","DSA01237D21"
"LTE t4oss","DSA01237D31"
"LTE t4oss","DSA01237D41"
"LTE t4oss","DSA01238E11"
"LTE t4oss","DSA01238E21"
"LTE t4oss","DSA01238E31"
"LTE t4oss","DSA01252F11"
"LTE t4oss","DSA01252F21"
"LTE t4oss","DSA01252F31"
"LTE t4oss","DSA01254D11"
"LTE t4oss","DSA01254D21"
"LTE t4oss","DSA01254D31"
"LTE t4oss","DSA01255A11"
"LTE t4oss","DSA01255A21"
"LTE t4oss","DSA01255A31"
"LTE t4oss","DSA01256B11"
"LTE t4oss","DSA01256B21"
"LTE t4oss","DSA01256B31"
"LTE t4oss","DSA01257C11"
"LTE t4oss","DSA01257C21"
"LTE t4oss","DSA01257C31"
"LTE t4oss","DSA01258D11"
"LTE t4oss","DSA01258D21"
"LTE t4oss","DSA01258D31"
"LTE t4oss","DSA01259A11"
"LTE t4oss","DSA01259A21"
"LTE t4oss","DSA01259A31"
"LTE t4oss","DSA01260A11"
"LTE t4oss","DSA01260A21"
"LTE t4oss","DSA01260A31"
"LTE t4oss","DSA01261B11"
"LTE t4oss","DSA01261B21"
"LTE t4oss","DSA01261B31"
"LTE t4oss","DSA01262E11"
"LTE t4oss","DSA01262E21"
"LTE t4oss","DSA01262E31"
"LTE t4oss","DSA01263E11"
"LTE t4oss","DSA01263E21"
"LTE t4oss","DSA01263E31"
"LTE t4oss","DSA01265B11"
"LTE t4oss","DSA01265B21"
"LTE t4oss","DSA01265B31"
"LTE t4oss","DSA01266A11"
"LTE t4oss","DSA01266A21"
"LTE t4oss","DSA01266A31"
"LTE t4oss","DSA01269A11"
"LTE t4oss","DSA01269A21"
"LTE t4oss","DSA01269A31"
"LTE t4oss","DSA01269A41"
"LTE t4oss","DSA01271B11"
"LTE t4oss","DSA01271B21"
"LTE t4oss","DSA01271B31"
"LTE t4oss","DSA01274A11"
"LTE t4oss","DSA01274A21"
"LTE t4oss","DSA01274A31"
"LTE t4oss","DSA01276B11"
"LTE t4oss","DSA01276B21"
"LTE t4oss","DSA01276B31"
"LTE t4oss","DSA01278B11"
"LTE t4oss","DSA01278B21"
"LTE t4oss","DSA01278B31"
"LTE t4oss","DSA01301D11"
"LTE t4oss","DSA01301D21"
"LTE t4oss","DSA01301D31"
"LTE t4oss","DSA01302C11"
"LTE t4oss","DSA01302C21"
"LTE t4oss","DSA01302C31"
"LTE t4oss","DSA01303A11"
"LTE t4oss","DSA01303A21"
"LTE t4oss","DSA01303A31"
"LTE t4oss","DSA01304B11"
"LTE t4oss","DSA01304B21"
"LTE t4oss","DSA01304B31"
"LTE t4oss","DSA01305J11"
"LTE t4oss","DSA01305J21"
"LTE t4oss","DSA01305J31"
"LTE t4oss","DSA01306A11"
"LTE t4oss","DSA01306A21"
"LTE t4oss","DSA01306A31"
"LTE t4oss","DSA01307A11"
"LTE t4oss","DSA01307A21"
"LTE t4oss","DSA01307A31"
"LTE t4oss","DSA01308A11"
"LTE t4oss","DSA01308A21"
"LTE t4oss","DSA01308A31"
"LTE t4oss","DSA01310C11"
"LTE t4oss","DSA01310C21"
"LTE t4oss","DSA01310C31"
"LTE t4oss","DSA01311A11"
"LTE t4oss","DSA01311A21"
"LTE t4oss","DSA01311A31"
"LTE t4oss","DSA01312B11"
"LTE t4oss","DSA01312B21"
"LTE t4oss","DSA01312B31"
"LTE t4oss","DSA01313A11"
"LTE t4oss","DSA01313A21"
"LTE t4oss","DSA01313A31"
"LTE t4oss","DSA01314B11"
"LTE t4oss","DSA01314B21"
"LTE t4oss","DSA01314B31"
"LTE t4oss","DSA01316D11"
"LTE t4oss","DSA01316D21"
"LTE t4oss","DSA01316D31"
"LTE t4oss","DSA01319A11"
"LTE t4oss","DSA01319A21"
"LTE t4oss","DSA01319A31"
"LTE t4oss","DSA01320A11"
"LTE t4oss","DSA01320A21"
"LTE t4oss","DSA01320A31"
"LTE t4oss","DSA01321E11"
"LTE t4oss","DSA01321E21"
"LTE t4oss","DSA01321E31"
"LTE t4oss","DSA01322E11"
"LTE t4oss","DSA01322E21"
"LTE t4oss","DSA01322E31"
"LTE t4oss","DSA01322E41"
"LTE t4oss","DSA01324D11"
"LTE t4oss","DSA01324D21"
"LTE t4oss","DSA01324D31"
"LTE t4oss","DSA01325A11"
"LTE t4oss","DSA01325A21"
"LTE t4oss","DSA01325A31"
"LTE t4oss","DSA01326E11"
"LTE t4oss","DSA01326E21"
"LTE t4oss","DSA01326E31"
"LTE t4oss","DSA01327B11"
"LTE t4oss","DSA01327B21"
"LTE t4oss","DSA01327B31"
"LTE t4oss","DSA01328A11"
"LTE t4oss","DSA01328A21"
"LTE t4oss","DSA01328A31"
"LTE t4oss","DSA01329A11"
"LTE t4oss","DSA01329A21"
"LTE t4oss","DSA01329A31"
"LTE t4oss","DSA01330C11"
"LTE t4oss","DSA01330C21"
"LTE t4oss","DSA01330C31"
"LTE t4oss","DSA01331A11"
"LTE t4oss","DSA01331A21"
"LTE t4oss","DSA01331A31"
"LTE t4oss","DSA01333A11"
"LTE t4oss","DSA01333A21"
"LTE t4oss","DSA01333A31"
"LTE t4oss","DSA01334A11"
"LTE t4oss","DSA01334A21"
"LTE t4oss","DSA01334A31"
"LTE t4oss","DSA01335B11"
"LTE t4oss","DSA01335B21"
"LTE t4oss","DSA01335B31"
"LTE t4oss","DSA01336A11"
"LTE t4oss","DSA01336A21"
"LTE t4oss","DSA01336A31"
"LTE t4oss","DSA01337A11"
"LTE t4oss","DSA01337A21"
"LTE t4oss","DSA01337A31"
"LTE t4oss","DSA01338C11"
"LTE t4oss","DSA01338C21"
"LTE t4oss","DSA01338C31"
"LTE t4oss","DSA01339A11"
"LTE t4oss","DSA01339A21"
"LTE t4oss","DSA01339A31"
"LTE t4oss","DSA01340B11"
"LTE t4oss","DSA01340B21"
"LTE t4oss","DSA01340B31"
"LTE t4oss","DSA01341A11"
"LTE t4oss","DSA01341A21"
"LTE t4oss","DSA01341A31"
"LTE t4oss","DSA01342A11"
"LTE t4oss","DSA01342A21"
"LTE t4oss","DSA01342A31"
"LTE t4oss","DSA01343B11"
"LTE t4oss","DSA01343B21"
"LTE t4oss","DSA01343B31"
"LTE t4oss","DSA01344J11"
"LTE t4oss","DSA01344J21"
"LTE t4oss","DSA01344J31"
"LTE t4oss","DSA01345C11"
"LTE t4oss","DSA01345C21"
"LTE t4oss","DSA01345C31"
"LTE t4oss","DSA01346F11"
"LTE t4oss","DSA01346F21"
"LTE t4oss","DSA01346F31"
"LTE t4oss","DSA01347A11"
"LTE t4oss","DSA01347A21"
"LTE t4oss","DSA01347A31"
"LTE t4oss","DSA01348E11"
"LTE t4oss","DSA01348E21"
"LTE t4oss","DSA01348E31"
"LTE t4oss","DSA01349B11"
"LTE t4oss","DSA01349B21"
"LTE t4oss","DSA01349B31"
"LTE t4oss","DSA01350A11"
"LTE t4oss","DSA01350A21"
"LTE t4oss","DSA01350A31"
"LTE t4oss","DSA01351B11"
"LTE t4oss","DSA01351B21"
"LTE t4oss","DSA01351B31"
"LTE t4oss","DSA01352D11"
"LTE t4oss","DSA01352D21"
"LTE t4oss","DSA01352D31"
"LTE t4oss","DSA01353C11"
"LTE t4oss","DSA01353C21"
"LTE t4oss","DSA01353C31"
"LTE t4oss","DSA01354A11"
"LTE t4oss","DSA01354A21"
"LTE t4oss","DSA01354A31"
"LTE t4oss","DSA01355A11"
"LTE t4oss","DSA01355A21"
"LTE t4oss","DSA01355A31"
"LTE t4oss","DSA01356D11"
"LTE t4oss","DSA01356D21"
"LTE t4oss","DSA01356D31"
"LTE t4oss","DSA01357E11"
"LTE t4oss","DSA01357E21"
"LTE t4oss","DSA01357E31"
"LTE t4oss","DSA01358A11"
"LTE t4oss","DSA01358A21"
"LTE t4oss","DSA01358A31"
"LTE t4oss","DSA01359A11"
"LTE t4oss","DSA01359A21"
"LTE t4oss","DSA01359A31"
"LTE t4oss","DSA01360A11"
"LTE t4oss","DSA01360A21"
"LTE t4oss","DSA01360A31"
"LTE t4oss","DSA01361D11"
"LTE t4oss","DSA01361D21"
"LTE t4oss","DSA01361D31"
"LTE t4oss","DSA01363A11"
"LTE t4oss","DSA01363A21"
"LTE t4oss","DSA01363A31"
"LTE t4oss","DSA01364B11"
"LTE t4oss","DSA01364B21"
"LTE t4oss","DSA01364B31"
"LTE t4oss","DSA01368B11"
"LTE t4oss","DSA01368B21"
"LTE t4oss","DSA01368B31"
"LTE t4oss","DSA01369B11"
"LTE t4oss","DSA01369B21"
"LTE t4oss","DSA01369B31"
"LTE t4oss","DSA01370F11"
"LTE t4oss","DSA01370F21"
"LTE t4oss","DSA01370F31"
"LTE t4oss","DSA01371A11"
"LTE t4oss","DSA01371A21"
"LTE t4oss","DSA01371A31"
"LTE t4oss","DSA01377D11"
"LTE t4oss","DSA01377D21"
"LTE t4oss","DSA01377D31"
"LTE t4oss","DSA01383A11"
"LTE t4oss","DSA01383A21"
"LTE t4oss","DSA01383A31"
"LTE t4oss","DSA01384J11"
"LTE t4oss","DSA01384J21"
"LTE t4oss","DSA01384J31"
"LTE t4oss","DSA01385A11"
"LTE t4oss","DSA01385A21"
"LTE t4oss","DSA01385A31"
"LTE t4oss","DSA01386A11"
"LTE t4oss","DSA01386A21"
"LTE t4oss","DSA01386A31"
"LTE t4oss","DSA01388B11"
"LTE t4oss","DSA01388B21"
"LTE t4oss","DSA01388B31"
"LTE t4oss","DSA01390A11"
"LTE t4oss","DSA01390A21"
"LTE t4oss","DSA01390A31"
"LTE t4oss","DSA01391A11"
"LTE t4oss","DSA01391A21"
"LTE t4oss","DSA01391A31"
"LTE t4oss","DSA01394A11"
"LTE t4oss","DSA01394A21"
"LTE t4oss","DSA01394A31"
"LTE t4oss","DSA01397C11"
"LTE t4oss","DSA01397C21"
"LTE t4oss","DSA01397C31"
"LTE t4oss","DSA01398A11"
"LTE t4oss","DSA01398A21"
"LTE t4oss","DSA01398A31"
"LTE t4oss","DSA01399B11"
"LTE t4oss","DSA01399B21"
"LTE t4oss","DSA01399B31"
"LTE t4oss","DSA01401B11"
"LTE t4oss","DSA01401B21"
"LTE t4oss","DSA01401B31"
"LTE t4oss","DSA01402A11"
"LTE t4oss","DSA01402A21"
"LTE t4oss","DSA01402A31"
"LTE t4oss","DSA01403C11"
"LTE t4oss","DSA01403C21"
"LTE t4oss","DSA01403C31"
"LTE t4oss","DSA01404C11"
"LTE t4oss","DSA01404C21"
"LTE t4oss","DSA01404C31"
"LTE t4oss","DSA01406B11"
"LTE t4oss","DSA01406B21"
"LTE t4oss","DSA01406B31"
"LTE t4oss","DSA01407B11"
"LTE t4oss","DSA01407B21"
"LTE t4oss","DSA01407B31"
"LTE t4oss","DSA01408A11"
"LTE t4oss","DSA01408A21"
"LTE t4oss","DSA01408A31"
"LTE t4oss","DSA01409D11"
"LTE t4oss","DSA01409D21"
"LTE t4oss","DSA01409D31"
"LTE t4oss","DSA01410C11"
"LTE t4oss","DSA01410C21"
"LTE t4oss","DSA01410C31"
"LTE t4oss","DSA01411E11"
"LTE t4oss","DSA01411E21"
"LTE t4oss","DSA01411E31"
"LTE t4oss","DSA01413C11"
"LTE t4oss","DSA01413C21"
"LTE t4oss","DSA01413C31"
"LTE t4oss","DSA01414A11"
"LTE t4oss","DSA01414A21"
"LTE t4oss","DSA01414A31"
"LTE t4oss","DSA01416E11"
"LTE t4oss","DSA01416E21"
"LTE t4oss","DSA01416E31"
"LTE t4oss","DSA01418A11"
"LTE t4oss","DSA01418A21"
"LTE t4oss","DSA01418A31"
"LTE t4oss","DSA01418A41"
"LTE t4oss","DSA01419A11"
"LTE t4oss","DSA01419A21"
"LTE t4oss","DSA01419A31"
"LTE t4oss","DSA01420B11"
"LTE t4oss","DSA01420B21"
"LTE t4oss","DSA01420B31"
"LTE t4oss","DSA01421A11"
"LTE t4oss","DSA01421A21"
"LTE t4oss","DSA01421A31"
"LTE t4oss","DSA01421A41"
"LTE t4oss","DSA01424F11"
"LTE t4oss","DSA01424F21"
"LTE t4oss","DSA01424F31"
"LTE t4oss","DSA01425B11"
"LTE t4oss","DSA01425B21"
"LTE t4oss","DSA01425B31"
"LTE t4oss","DSA01426E11"
"LTE t4oss","DSA01426E21"
"LTE t4oss","DSA01426E31"
"LTE t4oss","DSA01427B11"
"LTE t4oss","DSA01427B21"
"LTE t4oss","DSA01427B31"
"LTE t4oss","DSA01427B41"
"LTE t4oss","DSA01429G11"
"LTE t4oss","DSA01429G21"
"LTE t4oss","DSA01429G31"
"LTE t4oss","DSA01430F11"
"LTE t4oss","DSA01430F21"
"LTE t4oss","DSA01430F31"
"LTE t4oss","DSA01431B11"
"LTE t4oss","DSA01431B21"
"LTE t4oss","DSA01431B31"
"LTE t4oss","DSA01432C11"
"LTE t4oss","DSA01432C21"
"LTE t4oss","DSA01432C31"
"LTE t4oss","DSA01433C11"
"LTE t4oss","DSA01433C21"
"LTE t4oss","DSA01433C31"
"LTE t4oss","DSA01434A11"
"LTE t4oss","DSA01434A21"
"LTE t4oss","DSA01434A31"
"LTE t4oss","DSA01436A11"
"LTE t4oss","DSA01436A21"
"LTE t4oss","DSA01436A31"
"LTE t4oss","DSA01437A11"
"LTE t4oss","DSA01437A21"
"LTE t4oss","DSA01437A31"
"LTE t4oss","DSA01438C11"
"LTE t4oss","DSA01438C21"
"LTE t4oss","DSA01438C31"
"LTE t4oss","DSA01439C11"
"LTE t4oss","DSA01439C21"
"LTE t4oss","DSA01439C31"
"LTE t4oss","DSA01440A11"
"LTE t4oss","DSA01440A21"
"LTE t4oss","DSA01440A31"
"LTE t4oss","DSA01441A11"
"LTE t4oss","DSA01441A21"
"LTE t4oss","DSA01441A31"
"LTE t4oss","DSA01442A11"
"LTE t4oss","DSA01442A21"
"LTE t4oss","DSA01442A31"
"LTE t4oss","DSA01443C11"
"LTE t4oss","DSA01443C21"
"LTE t4oss","DSA01443C31"
"LTE t4oss","DSA01444A11"
"LTE t4oss","DSA01444A21"
"LTE t4oss","DSA01444A31"
"LTE t4oss","DSA01447A11"
"LTE t4oss","DSA01447A21"
"LTE t4oss","DSA01447A31"
"LTE t4oss","DSA01448A11"
"LTE t4oss","DSA01448A21"
"LTE t4oss","DSA01448A31"
"LTE t4oss","DSA01450A11"
"LTE t4oss","DSA01450A21"
"LTE t4oss","DSA01450A31"
"LTE t4oss","DSA01451D11"
"LTE t4oss","DSA01451D21"
"LTE t4oss","DSA01451D31"
"LTE t4oss","DSA01452C11"
"LTE t4oss","DSA01452C21"
"LTE t4oss","DSA01452C31"
"LTE t4oss","DSA01453A11"
"LTE t4oss","DSA01453A21"
"LTE t4oss","DSA01453A31"
"LTE t4oss","DSA01454D11"
"LTE t4oss","DSA01454D21"
"LTE t4oss","DSA01454D31"
"LTE t4oss","DSA01455D11"
"LTE t4oss","DSA01455D21"
"LTE t4oss","DSA01455D31"
"LTE t4oss","DSA01456E11"
"LTE t4oss","DSA01456E21"
"LTE t4oss","DSA01456E31"
"LTE t4oss","DSA01457A11"
"LTE t4oss","DSA01457A21"
"LTE t4oss","DSA01457A31"
"LTE t4oss","DSA01458E11"
"LTE t4oss","DSA01458E21"
"LTE t4oss","DSA01458E31"
"LTE t4oss","DSA01458E41"
"LTE t4oss","DSA01459D11"
"LTE t4oss","DSA01459D21"
"LTE t4oss","DSA01459D31"
"LTE t4oss","DSA01460K11"
"LTE t4oss","DSA01460K21"
"LTE t4oss","DSA01460K31"
"LTE t4oss","DSA01461F11"
"LTE t4oss","DSA01461F21"
"LTE t4oss","DSA01461F31"
"LTE t4oss","DSA01462B11"
"LTE t4oss","DSA01462B21"
"LTE t4oss","DSA01462B31"
"LTE t4oss","DSA01463B11"
"LTE t4oss","DSA01463B21"
"LTE t4oss","DSA01463B31"
"LTE t4oss","DSA01465B11"
"LTE t4oss","DSA01465B21"
"LTE t4oss","DSA01465B31"
"LTE t4oss","DSA01468A11"
"LTE t4oss","DSA01468A21"
"LTE t4oss","DSA01468A31"
"LTE t4oss","DSA01470A11"
"LTE t4oss","DSA01470A21"
"LTE t4oss","DSA01470A31"
"LTE t4oss","DSA01471B11"
"LTE t4oss","DSA01471B21"
"LTE t4oss","DSA01471B31"
"LTE t4oss","DSA01472A11"
"LTE t4oss","DSA01472A21"
"LTE t4oss","DSA01472A31"
"LTE t4oss","DSA01476B11"
"LTE t4oss","DSA01476B21"
"LTE t4oss","DSA01476B31"
"LTE t4oss","DSA01478C11"
"LTE t4oss","DSA01478C21"
"LTE t4oss","DSA01478C31"
"LTE t4oss","DSA01481B11"
"LTE t4oss","DSA01481B21"
"LTE t4oss","DSA01481B31"
"LTE t4oss","DSA01483B11"
"LTE t4oss","DSA01483B21"
"LTE t4oss","DSA01483B31"
"LTE t4oss","DSA01484G11"
"LTE t4oss","DSA01484G21"
"LTE t4oss","DSA01484G31"
"LTE t4oss","DSA01490B11"
"LTE t4oss","DSA01490B21"
"LTE t4oss","DSA01490B31"
"LTE t4oss","DSA01492A11"
"LTE t4oss","DSA01492A21"
"LTE t4oss","DSA01492A31"
"LTE t4oss","DSA01496A11"
"LTE t4oss","DSA01496A21"
"LTE t4oss","DSA01496A31"
"LTE t4oss","DSA01502A11"
"LTE t4oss","DSA01502A21"
"LTE t4oss","DSA01502A31"
"LTE t4oss","DSA01504D11"
"LTE t4oss","DSA01504D21"
"LTE t4oss","DSA01504D31"
"LTE t4oss","DSA01505A11"
"LTE t4oss","DSA01505A21"
"LTE t4oss","DSA01505A31"
"LTE t4oss","DSA01507C11"
"LTE t4oss","DSA01507C21"
"LTE t4oss","DSA01507C31"
"LTE t4oss","DSA01508A11"
"LTE t4oss","DSA01508A21"
"LTE t4oss","DSA01508A31"
"LTE t4oss","DSA01509D11"
"LTE t4oss","DSA01509D21"
"LTE t4oss","DSA01509D31"
"LTE t4oss","DSA01510B11"
"LTE t4oss","DSA01510B21"
"LTE t4oss","DSA01510B31"
"LTE t4oss","DSA01514A11"
"LTE t4oss","DSA01514A21"
"LTE t4oss","DSA01514A31"
"LTE t4oss","DSA01515B11"
"LTE t4oss","DSA01515B21"
"LTE t4oss","DSA01515B31"
"LTE t4oss","DSA01516B11"
"LTE t4oss","DSA01516B21"
"LTE t4oss","DSA01516B31"
"LTE t4oss","DSA01519A11"
"LTE t4oss","DSA01519A21"
"LTE t4oss","DSA01519A31"
"LTE t4oss","DSA01520A11"
"LTE t4oss","DSA01520A21"
"LTE t4oss","DSA01521C11"
"LTE t4oss","DSA01521C21"
"LTE t4oss","DSA01521C31"
"LTE t4oss","DSA01522A11"
"LTE t4oss","DSA01522A21"
"LTE t4oss","DSA01522A31"
"LTE t4oss","DSA01523A11"
"LTE t4oss","DSA01523A21"
"LTE t4oss","DSA01523A31"
"LTE t4oss","DSA01525A11"
"LTE t4oss","DSA01525A21"
"LTE t4oss","DSA01525A31"
"LTE t4oss","DSA01526B11"
"LTE t4oss","DSA01526B21"
"LTE t4oss","DSA01526B31"
"LTE t4oss","DSA01527B11"
"LTE t4oss","DSA01527B21"
"LTE t4oss","DSA01527B31"
"LTE t4oss","DSA01528C11"
"LTE t4oss","DSA01528C21"
"LTE t4oss","DSA01528C31"
"LTE t4oss","DSA01529A11"
"LTE t4oss","DSA01529A21"
"LTE t4oss","DSA01529A31"
"LTE t4oss","DSA01531C11"
"LTE t4oss","DSA01531C21"
"LTE t4oss","DSA01531C31"
"LTE t4oss","DSA01535B11"
"LTE t4oss","DSA01535B21"
"LTE t4oss","DSA01535B31"
"LTE t4oss","DSA01541C11"
"LTE t4oss","DSA01541C21"
"LTE t4oss","DSA01541C31"
"LTE t4oss","DSA01549B11"
"LTE t4oss","DSA01549B21"
"LTE t4oss","DSA01549B31"
"LTE t4oss","DSA01552B11"
"LTE t4oss","DSA01552B21"
"LTE t4oss","DSA01552B31"
"LTE t4oss","DSA01554B11"
"LTE t4oss","DSA01554B21"
"LTE t4oss","DSA01554B31"
"LTE t4oss","DSA01555A11"
"LTE t4oss","DSA01555A21"
"LTE t4oss","DSA01555A31"
"LTE t4oss","DSA01556A11"
"LTE t4oss","DSA01556A21"
"LTE t4oss","DSA01556A31"
"LTE t4oss","DSA01557A11"
"LTE t4oss","DSA01557A21"
"LTE t4oss","DSA01557A31"
"LTE t4oss","DSA01560A11"
"LTE t4oss","DSA01560A21"
"LTE t4oss","DSA01560A31"
"LTE t4oss","DSA01565A11"
"LTE t4oss","DSA01565A21"
"LTE t4oss","DSA01565A31"
"LTE t4oss","DSA01568C11"
"LTE t4oss","DSA01568C21"
"LTE t4oss","DSA01568C31"
"LTE t4oss","DSA01570A11"
"LTE t4oss","DSA01570A21"
"LTE t4oss","DSA01570A31"
"LTE t4oss","DSA01570A41"
"LTE t4oss","DSA01622A11"
"LTE t4oss","DSA01622A21"
"LTE t4oss","DSA01622A31"
"LTE t4oss","DSA01624B11"
"LTE t4oss","DSA01624B21"
"LTE t4oss","DSA01624B31"
"LTE t4oss","DSA01625A11"
"LTE t4oss","DSA01625A21"
"LTE t4oss","DSA01625A31"
"LTE t4oss","DSA01627A11"
"LTE t4oss","DSA01627A21"
"LTE t4oss","DSA01627A31"
"LTE t4oss","DSA01633A11"
"LTE t4oss","DSA01633A21"
"LTE t4oss","DSA01633A31"
"LTE t4oss","DSA01642F11"
"LTE t4oss","DSA01642F21"
"LTE t4oss","DSA01642F31"
"LTE t4oss","DSA01665A11"
"LTE t4oss","DSA01665A21"
"LTE t4oss","DSA01665A31"
"LTE t4oss","DSA01665A41"
"LTE t4oss","DSA01685A11"
"LTE t4oss","DSA01685A21"
"LTE t4oss","DSA01685A31"
"LTE t4oss","DSA01709A11"
"LTE t4oss","DSA01709A21"
"LTE t4oss","DSA01709A31"
"LTE t4oss","DSA01712B11"
"LTE t4oss","DSA01712B21"
"LTE t4oss","DSA01712B31"
"LTE t4oss","DSA01762A11"
"LTE t4oss","DSA01762A21"
"LTE t4oss","DSA01762A31"
"LTE t4oss","DSA01792D11"
"LTE t4oss","DSA01792D21"
"LTE t4oss","DSA01792D31"
"LTE t4oss","DSA01815E11"
"LTE t4oss","DSA01815E21"
"LTE t4oss","DSA01815E31"
"LTE t4oss","DSA01832A11"
"LTE t4oss","DSA01832A21"
"LTE t4oss","DSA01832A31"
"LTE t4oss","DSA01834A11"
"LTE t4oss","DSA01834A21"
"LTE t4oss","DSA01834A31"
"LTE t4oss","DSA01843A11"
"LTE t4oss","DSA01843A21"
"LTE t4oss","DSA01843A31"
"LTE t4oss","DSA01845B11"
"LTE t4oss","DSA01845B21"
"LTE t4oss","DSA01845B31"
"LTE t4oss","DSA01974A11"
"LTE t4oss","DSA01974A21"
"LTE t4oss","DSA01974A31"
"LTE t4oss","DSA01975A11"
"LTE t4oss","DSA01975A21"
"LTE t4oss","DSA01975A31"
"LTE t4oss","DSA02103A11"
"LTE t4oss","DSA02103A21"
"LTE t4oss","DSA02103A31"
"LTE t4oss","DSA02121A11"
"LTE t4oss","DSA02121A21"
"LTE t4oss","DSA02121A31"
"LTE t4oss","DSA02123A11"
"LTE t4oss","DSA02123A21"
"LTE t4oss","DSA02123A31"
"LTE t4oss","DSA02124A11"
"LTE t4oss","DSA02124A21"
"LTE t4oss","DSA02124A31"
"LTE t4oss","DSA02134A11"
"LTE t4oss","DSA02134A21"
"LTE t4oss","DSA02134A31"
"LTE t4oss","DSA02146A11"
"LTE t4oss","DSA02146A21"
"LTE t4oss","DSA02146A31"
"LTE t4oss","DSA03512A11"
"LTE t4oss","DSA03512A21"
"LTE t4oss","DSA03512A31"
"LTE t4oss","DSA03801A11"
"LTE t4oss","DSA03801A21"
"LTE t4oss","DSA03801A31"
"LTE t4oss","DSA03802A11"
"LTE t4oss","DSA03802A21"
"LTE t4oss","DSA03802A31"
"LTE t4oss","DSA03803A11"
"LTE t4oss","DSA03803A21"
"LTE t4oss","DSA03803A31"
"LTE t4oss","DSA03805A11"
"LTE t4oss","DSA03805A21"
"LTE t4oss","DSA03805A31"
"LTE t4oss","DSA05016A11"
"LTE t4oss","DSA05016A21"
"LTE t4oss","DSA05016A31"
"LTE t4oss","DSA05021B11"
"LTE t4oss","DSA05021B21"
"LTE t4oss","DSA05021B31"
"LTE t4oss","DSA05025B11"
"LTE t4oss","DSA05025B21"
"LTE t4oss","DSA05025B31"
"LTE t4oss","DTK01124A11"
"LTE t4oss","DTK01124A21"
"LTE t4oss","DTK01124A31"
"LTE t4oss","DTK01201B11"
"LTE t4oss","DTK01201B21"
"LTE t4oss","DTK01201B31"
"LTE t4oss","DTK01301B11"
"LTE t4oss","DTK01301B21"
"LTE t4oss","DTK01301B31"
"LTE t4oss","DTK01302C11"
"LTE t4oss","DTK01302C21"
"LTE t4oss","DTK01302C31"
"LTE t4oss","DTK01332A11"
"LTE t4oss","DTK01332A21"
"LTE t4oss","DTK01332A31"
"LTE t4oss","DTK01333D11"
"LTE t4oss","DTK01333D21"
"LTE t4oss","DTK01333D31"
"LTE t4oss","DTK01333D41"
"LTE t4oss","DTK01334A11"
"LTE t4oss","DTK01334A21"
"LTE t4oss","DTK01334A31"
"LTE t4oss","DTK01336B11"
"LTE t4oss","DTK01336B21"
"LTE t4oss","DTK01336B31"
"LTE t4oss","DTK01337E11"
"LTE t4oss","DTK01337E21"
"LTE t4oss","DTK01337E31"
"LTE t4oss","DTK01343A11"
"LTE t4oss","DTK01343A21"
"LTE t4oss","DTK01343A31"
"LTE t4oss","DTK01354D11"
"LTE t4oss","DTK01354D21"
"LTE t4oss","DTK01354D31"
"LTE t4oss","DTK01362A11"
"LTE t4oss","DTK01362A21"
"LTE t4oss","DTK01362A31"
"LTE t4oss","DTK01363D11"
"LTE t4oss","DTK01363D21"
"LTE t4oss","DTK01363D31"
"LTE t4oss","DTK01363D41"
"LTE t4oss","DTK01420B11"
"LTE t4oss","DTK01420B21"
"LTE t4oss","DTK01421A11"
"LTE t4oss","DTK01421A21"
"LTE t4oss","DTK01421A31"
"LTE t4oss","DTK01422A11"
"LTE t4oss","DTK01422A21"
"LTE t4oss","DTK01422A31"
"LTE t4oss","DTK01424C11"
"LTE t4oss","DTK01424C21"
"LTE t4oss","DTK01424C31"
"LTE t4oss","DTK01425B11"
"LTE t4oss","DTK01425B21"
"LTE t4oss","DTK01425B31"
"LTE t4oss","DTK01426E11"
"LTE t4oss","DTK01426E21"
"LTE t4oss","DTK01426E31"
"LTE t4oss","DTK01427D11"
"LTE t4oss","DTK01427D21"
"LTE t4oss","DTK01427D31"
"LTE t4oss","DTK01429B11"
"LTE t4oss","DTK01429B21"
"LTE t4oss","DTK01429B31"
"LTE t4oss","DTK01430B11"
"LTE t4oss","DTK01430B21"
"LTE t4oss","DTK01430B31"
"LTE t4oss","DTK01431A11"
"LTE t4oss","DTK01431A21"
"LTE t4oss","DTK01431A31"
"LTE t4oss","DTK01431A41"
"LTE t4oss","DTK01432B11"
"LTE t4oss","DTK01432B21"
"LTE t4oss","DTK01432B31"
"LTE t4oss","DTK01433A11"
"LTE t4oss","DTK01433A21"
"LTE t4oss","DTK01433A31"
"LTE t4oss","DTK01436A11"
"LTE t4oss","DTK01436A21"
"LTE t4oss","DTK01436A31"
"LTE t4oss","DTK01437B11"
"LTE t4oss","DTK01437B21"
"LTE t4oss","DTK01437B31"
"LTE t4oss","DTK01439D11"
"LTE t4oss","DTK01439D21"
"LTE t4oss","DTK01439D31"
"LTE t4oss","DTK01440B11"
"LTE t4oss","DTK01440B21"
"LTE t4oss","DTK01440B31"
"LTE t4oss","DTK01440B41"
"LTE t4oss","DTK01442B11"
"LTE t4oss","DTK01442B21"
"LTE t4oss","DTK01442B31"
"LTE t4oss","DTK01460B11"
"LTE t4oss","DTK01460B21"
"LTE t4oss","DTK01460B31"
"LTE t4oss","DTK01461B11"
"LTE t4oss","DTK01461B21"
"LTE t4oss","DTK01461B31"
"LTE t4oss","DTK01462A11"
"LTE t4oss","DTK01462A21"
"LTE t4oss","DTK01462A31"
"LTE t4oss","DTK01703H11"
"LTE t4oss","DTK01703H21"
"LTE t4oss","DTK01703H31"
"LTE t4oss","DTK02016A11"
"LTE t4oss","DTK02016A21"
"LTE t4oss","DTK02016A31"
"LTE t4oss","DTK03001B11"
"LTE t4oss","DTK03001B21"
"LTE t4oss","DTK03001B31"
"LTE t4oss","DTK05003A11"
"LTE t4oss","DTK05003A21"
"LTE t4oss","DTK05003A31"
"LTE t4oss","DWA01003B11"
"LTE t4oss","DWA01003B21"
"LTE t4oss","DWA01003B31"
"LTE t4oss","DWA01007A11"
"LTE t4oss","DWA01007A21"
"LTE t4oss","DWA01007A31"
"LTE t4oss","DWA01102A11"
"LTE t4oss","DWA01102A21"
"LTE t4oss","DWA01102A31"
"LTE t4oss","DWA01104F11"
"LTE t4oss","DWA01104F21"
"LTE t4oss","DWA01104F31"
"LTE t4oss","DWA01105A11"
"LTE t4oss","DWA01105A21"
"LTE t4oss","DWA01105A31"
"LTE t4oss","DWA01201B11"
"LTE t4oss","DWA01201B21"
"LTE t4oss","DWA01201B31"
"LTE t4oss","DWA01203A11"
"LTE t4oss","DWA01203A21"
"LTE t4oss","DWA01203A31"
"LTE t4oss","DWA01302B11"
"LTE t4oss","DWA01302B21"
"LTE t4oss","DWA01302B31"
"LTE t4oss","DWA01303B11"
"LTE t4oss","DWA01303B21"
"LTE t4oss","DWA01303B31"
"LTE t4oss","DWA01304B11"
"LTE t4oss","DWA01304B21"
"LTE t4oss","DWA01304B31"
"LTE t4oss","DWA01305B11"
"LTE t4oss","DWA01305B21"
"LTE t4oss","DWA01305B31"
"LTE t4oss","DWA01306B11"
"LTE t4oss","DWA01306B21"
"LTE t4oss","DWA01306B31"
"LTE t4oss","DWA01309A11"
"LTE t4oss","DWA01309A21"
"LTE t4oss","DWA01309A31"
"LTE t4oss","DWA01314A11"
"LTE t4oss","DWA01314A21"
"LTE t4oss","DWA01314A31"
"LTE t4oss","DWA01330A11"
"LTE t4oss","DWA01330A21"
"LTE t4oss","DWA01330A31"
"LTE t4oss","DWA01402A11"
"LTE t4oss","DWA01402A21"
"LTE t4oss","DWA01426B11"
"LTE t4oss","DWA01426B21"
"LTE t4oss","DWA01426B31"
"LTE t4oss","DWA01428A11"
"LTE t4oss","DWA01428A21"
"LTE t4oss","DWA01429D11"
"LTE t4oss","DWA01429D21"
"LTE t4oss","DWA01429D31"
"LTE t4oss","DWA01430B11"
"LTE t4oss","DWA01430B21"
"LTE t4oss","DWA01430B31"
"LTE t4oss","DWA01431A11"
"LTE t4oss","DWA01431A21"
"LTE t4oss","DWA01431A31"
"LTE t4oss","DWA01601M11"
"LTE t4oss","DWA01601M21"
"LTE t4oss","DWA01601M31"
"LTE t4oss","DWA01603M11"
"LTE t4oss","DWA01603M21"
"LTE t4oss","DWA01603M31"
"LTE t4oss","DWA01604M11"
"LTE t4oss","DWA01604M21"
"LTE t4oss","DWA01604M31"
"LTE t4oss","DWA01606M11"
"LTE t4oss","DWA01606M21"
"LTE t4oss","DWA01606M31"
"LTE t4oss","DWA01625M11"
"LTE t4oss","DWA01625M21"
"LTE t4oss","DWA01625M31"
"LTE t4oss","DWA01633M11"
"LTE t4oss","DWA01633M21"
"LTE t4oss","DWA01633M31"
"LTE t4oss","DWA01638M11"
"LTE t4oss","DWA01638M21"
"LTE t4oss","DWA01638M31"
"LTE t4oss","DWA01850M11"
"LTE t4oss","DWA01850M21"
"LTE t4oss","DWA01850M31"
"LTE t4oss","DWA02012A11"
"LTE t4oss","DWA02012A21"
"LTE t4oss","DWA02012A31"
"LTE t4oss","DWA03003A11"
"LTE t4oss","DWA03003A21"
"LTE t4oss","DWA03003A31"
"LTE t4oss","DWA03005A11"
"LTE t4oss","DWA03005A21"
"LTE t4oss","DWA03005A31"
"LTE t4oss","DWA03005A41"
"LTE t4oss","DWA03006A11"
"LTE t4oss","DWA03006A21"
"LTE t4oss","DWA03006A31"
"LTE t4oss","DWA03007A11"
"LTE t4oss","DWA03007A21"
"LTE t4oss","DWA03007A31"
"LTE t4oss","DWA03009A11"
"LTE t4oss","DWA03009A21"
"LTE t4oss","DWA03009A31"
"LTE t4oss","DWA04000A11"
"LTE t4oss","DWA04000A21"
"LTE t4oss","DWA04000A31"
"LTE t4oss","DWA04001A11"
"LTE t4oss","DWA04001A21"
"LTE t4oss","DWA04001A31"
"LTE t4oss","DWA04002A11"
"LTE t4oss","DWA04002A21"
"LTE t4oss","DWA04002A31"
